clase,area,perimetro,color_r,color_g,color_b
0,1778381.5,7006.720235586166,82.61447977566434,83.29925023125072,15.951539501216873
0,1261942.0,5525.173991203308,86.8653954591144,85.92495889572444,31.358224453465372
0,1167263.0,5293.728253722191,87.38731262696187,87.9242438763094,25.09722861607074
0,1636798.0,6408.110066175461,85.88733979978595,85.5229367980997,25.202216198250337
0,694039.0,3901.405319094658,92.94094780136871,94.53361826391624,24.381611055383264
0,384117.5,2865.692553758621,74.30967341898258,77.71343735082294,3.0365522716423485
0,457099.0,3239.1555355787277,89.65520985974462,90.35595038727234,20.787828832600656
0,450202.5,3196.1433452367783,85.68935308182785,87.84057518597237,10.318351487778958
0,1606134.5,6173.499896526337,82.5272999721562,78.75364952615826,18.260508547051042
0,845834.0,4314.483524560928,91.17431725055495,90.06465272191568,25.230073057788072
0,789549.5,4258.726166844368,81.93828370871336,79.8800038913013,18.11519894277892
0,1033713.5,5503.1668511629105,88.85875967915017,89.99133701584948,32.49957828627896
0,549845.5,3356.2266050577164,76.96938679279502,81.12998462085325,4.846152311587317
0,551489.5,3515.991104245186,85.4502675827156,85.95479117700235,22.029569698065448
0,780857.0,4266.164765954018,88.31366805154566,86.9653507115376,25.08156915966225
0,548576.5,3452.8885115385056,84.8978478304728,87.49223993936629,12.853946552911818
0,742387.0,4136.66015124321,84.30146943239362,86.2332107574758,15.148894063020203
0,1070842.5,4961.578977584839,83.977046818638,81.90004668538431,18.255834974155306
0,1137988.0,5479.041961073875,86.43848206214528,89.60966435514997,21.97587330702372
0,1216939.0,5548.154658436775,88.65175784869561,90.23829317213092,21.817839577138866
0,614056.5,3657.138292312622,85.8249533089728,81.95751035322778,16.078793341453512
0,497068.5,3080.9717724323273,88.78509613069923,93.0944275489079,14.805740559451783
0,939957.0,5185.291744112968,88.71611614713441,92.1928661328081,26.703582214996572
0,1273952.0,5491.610502839088,89.68782114607089,91.05289377140157,25.05062895471385
0,961511.0,4652.248023271561,86.93111903931727,87.48056136680614,34.522014262469284
0,506782.5,3552.653013586998,86.00175050400748,90.61631509072134,15.663828489944436
0,1271808.5,5350.799321889877,92.1157583724609,94.41017274834343,37.861125175720254
0,1162909.5,5312.137414216995,83.62497318392992,84.04318803170904,20.051352130611853
0,727835.5,4173.3535833358765,79.93648364026535,81.97452274686228,14.669990640617527
0,595580.0,3809.0377881526947,82.79363787942707,84.80033581764734,15.0388199173681
0,713908.5,4008.074363708496,72.87091167685168,76.23110464710139,5.970558484851025
0,1472729.5,5987.617642998695,87.80468360298423,88.85733194712529,47.70623346309831
0,574054.5,3619.682449221611,79.98945344456546,81.7087087243566,12.24113608217698
0,883591.5,4552.098749279976,86.35460951269108,89.54940324104862,20.99317376857427
0,344255.5,2700.4864909648895,82.07887729169923,77.41495169124074,11.673098186323035
0,280808.0,2437.1412566900253,89.58360082428594,93.01724474269439,4.684104121074976
0,873822.5,4443.6967269182205,82.27692060027036,81.95702682583756,22.918715291732124
0,1407066.5,5667.191237807274,86.71308908248804,89.54962115273706,25.278195408715934
0,1334940.5,5709.534385204315,79.10461482927049,83.31970054183728,12.929920623282083
0,1197786.0,5286.154660701752,88.89635367813564,86.09606158135098,37.78479731466476
0,1513285.5,7167.798443436623,95.2163441535192,96.68437450340537,45.71164311255794
0,927058.5,4839.686623454094,81.82384262173711,83.84741686278687,19.797443604006126
0,799047.5,4406.265270590782,81.72535983122573,81.75032019673687,23.886481830551638
0,1051104.5,5099.887634754181,83.15653809936057,83.64397848604973,28.054040225695235
0,372493.5,2707.976823568344,80.01787869139324,84.96322319467225,2.800896877784348
0,462089.5,3205.5991883277893,83.83805180685465,86.76481120353432,11.244550961239774
0,1230897.5,5376.137416958809,88.10627177982853,89.40703651633011,32.010785930534816
0,392025.0,2897.817442059517,83.9908226794217,93.34917289716063,2.5202447624446753
0,1158903.0,5340.213536143303,84.16243099726444,81.07822591824979,28.407913260838306
0,416761.0,3055.8418295383453,86.45851388450464,85.27311054992778,15.929415253345578
0,843287.0,4466.851057171822,83.44946530390139,85.24148863179312,12.051702273641375
0,1031669.0,4687.100837230682,87.6082359348082,87.48350617279173,20.729813283085594
0,726474.5,4011.932230114937,84.02480613130348,86.76224585626257,20.499209147526937
0,312971.5,2614.697605371475,74.99987587168314,82.97703307860505,2.7192758544961504
0,431930.5,3070.4621061086655,80.89545905931209,85.29039613150834,7.040502033550693
0,433086.0,2913.61643409729,74.24714393902774,79.5935957019246,5.528385666636742
0,1569002.5,5994.754725813866,78.57843170332214,77.85734892790006,26.913553408293012
0,261554.5,2386.7564803361893,82.31517331962766,90.32756553023813,5.463750404507643
0,706958.0,4046.233747959137,86.11616558484157,88.26234388071661,27.7343013093352
0,884703.5,4552.441896319389,84.93521189336208,83.4587681295063,31.706894568646863
0,652160.0,3904.3170075416565,83.55117079563335,87.2928954044379,13.867271089689384
0,704859.5,4044.3830205202103,83.45354465969824,86.52558400817307,13.246482649909227
0,1205669.0,5557.291742682457,87.97557977851716,93.26613613414776,22.884420055950077
0,938201.5,4639.152571678162,87.0406669892433,89.40012442241944,21.701966831322547
0,828418.5,4419.721113681793,81.85324597444259,82.72764810149751,19.509013250742974
0,530858.5,3477.5403121709824,88.48715603566787,97.17566126039499,5.945987364498899
0,379982.5,3070.4032312631607,85.8330881870977,89.65988385050012,21.86180569211206
0,549839.5,3528.795145869255,77.11131561577463,79.8040031334547,8.463974337586224
0,917168.0,4640.105892062187,87.03774715789497,86.69599184597863,22.898972153842973
0,756314.0,4164.459141373634,92.58411793642901,95.9107682406207,42.83174830099744
0,722414.0,3995.689588189125,85.61972772208875,88.22781045480905,30.785423742854775
0,412001.5,2929.550417304039,73.05933724592734,79.45563011955507,4.598914763188071
0,716164.0,4084.2337443828583,82.4084029423807,86.78265265479948,16.55214202752424
0,824744.0,4371.973859667778,87.16216160643658,92.51164284314697,17.987935034241524
0,494587.5,3301.658064842224,89.30269753829222,93.29449386135181,8.722002180928365
1,856297.0,5701.878738284111,68.61662825057044,59.65751063696441,1.6112859759197231
1,2881811.0,13826.269575595856,78.49907338053679,74.51237021465018,20.478116676115633
1,1986810.0,10768.811303853989,72.40038837981986,71.90333374352325,20.58190792336852
1,942826.5,6177.483861446381,69.04135150093562,69.205815038347,5.040231926837625
1,2164910.0,14267.388213038445,79.11402075601146,71.11122052522472,8.787740934501322
1,1942568.0,13294.226730942726,76.00480755659413,74.03870116419138,5.135026285791712
1,607135.0,4776.37412917614,75.14744411744957,77.13921956859605,4.4625596328923
1,777934.5,5966.419938325882,74.35309326724557,74.71576900438075,3.218242826554103
1,1171015.5,6695.9346578121185,76.98898865299805,77.77913480699416,13.7103543617767
1,983347.5,6917.203766822815,80.27718033717547,81.26934095678355,6.190686617398092
1,977138.5,6780.576348423958,75.81007537384758,75.00899895283065,4.152578971905188
1,1616149.0,9331.337010264397,80.40490553407867,82.67273307888587,1.7702499132565488
1,1427878.0,7743.401814937592,80.2416017915444,75.22994835683336,10.54189056383547
1,1635576.0,11134.537144422531,83.25267990709453,85.13705927799488,7.954382464912745
1,2031401.5,10741.053952813148,78.39518789938705,64.7196097558139,6.069790577869784
1,1390456.5,7939.575479865074,87.7779720242629,77.78547620916669,8.12205562757291
1,1433771.5,9753.285281062126,83.30570068332337,83.6614026125767,3.3218285544997452
1,1301965.5,7402.968269944191,76.74091345661063,71.4924032997111,3.573259888313966
1,2293000.5,16509.56011378765,72.6969201360404,70.43650962373256,12.502149596621857
1,1584632.0,9215.523738861084,70.4579221111419,67.47372294898818,7.270828605140178
1,1414644.5,10160.099424242973,78.3028545255963,74.86005073459465,13.476053975971531
1,1978904.0,14492.137541532516,80.48269926870081,82.67068013141021,4.190022435642348
1,1415454.0,8027.994738817215,71.32521336677179,66.13192301103413,5.900427435638921
1,728599.0,5231.559986591339,74.35165281262856,74.50804406047281,6.861071378946766
1,1254812.0,7455.225193738937,70.88938825515923,69.78317241466867,3.214593132867399
1,1933234.5,9917.039674162865,77.070961449796,74.59193409386216,4.371876721949664
1,1762849.5,11424.789891719818,76.49986345633572,73.50492603178104,17.015974760624538
1,540712.5,4410.009564042091,73.89699004148311,71.16508220413215,2.239689363319677
1,879093.5,7371.654557943344,81.5142601178179,82.63764057304495,4.978123240545063
1,1778883.0,13281.158630371094,81.28072559181959,80.27040537890461,2.533787365177196
1,989351.0,6195.064600110054,77.15138400142926,76.32196576581279,3.0038160660193474
1,2415436.0,13259.221682786942,79.36098021885728,74.69548425793451,17.68470863791215
1,1629353.0,11392.541314959526,80.34408500217245,81.37871481916984,3.4784598977275833
1,1686432.5,9396.706636548042,82.99914998393048,77.69375595289318,8.843852867604143
1,2386614.5,11977.190157413483,101.04429787104823,95.10765518294242,31.41706098247345
1,1401501.0,8767.596898555756,94.3851092702347,92.72493780369427,32.369343507632834
1,1303454.5,8252.820202589035,90.57929501366317,82.45707150875157,14.155700938270405
1,1366303.5,8359.021221876144,103.8148542167461,96.77948620579451,41.4915968000371
1,1937959.0,13562.2612272501,94.88767565548812,89.03984087928957,33.160087307535804
1,1381206.5,10964.36348426342,81.71012349649266,81.5129461709196,9.059413843896529
1,1602826.0,8879.135997653008,78.39058106179,76.03364617902413,19.004313360474224
1,1868639.0,9532.037579655647,68.52710209106515,66.11035336896178,8.873420807425497
1,1888816.0,9852.817233800888,75.13907743390051,70.35320025271233,8.72754777160994
1,2537326.0,14814.740579128265,74.86888575977501,69.51777034777074,14.398625951136802
1,1655078.0,12251.012327194214,76.91002178859165,78.47821743063243,3.7204995838607844
1,2485447.5,14332.948725104332,81.88823244567614,81.86671811496848,12.423817298032624
1,708381.5,6050.2777967453,82.14964295063746,75.95302711503275,4.7698827007798945
1,1785081.5,14688.180930137634,88.32661894595839,91.86242315152023,2.1379128469169912
1,818085.5,6565.463650345802,92.12847312213424,95.6417794399405,1.561289963158443
1,1565636.5,12911.667085051537,87.88871311071162,93.11208934565761,1.9519735272125618
1,979624.0,7623.127645254135,92.04138932209408,91.92013493620948,1.9055649995981618
1,1492795.5,12434.67213845253,85.53811967751408,92.71949998665207,2.6873822045436344
1,1018813.5,7866.698274374008,73.33985515710782,72.06483958260328,11.882705486119223
1,2604298.0,14960.070314645767,72.26273633506182,67.88883019806617,9.247590775850023
1,1430251.0,12209.341181516647,96.37321060826761,102.16879370580587,2.43138083837014
1,1209809.0,8885.121724009514,83.09337719762547,92.71539783230051,1.9363435746683713
1,1101834.5,8236.688176035881,80.53279709318124,88.57416868978996,1.4586634968568852
1,1895503.0,15200.161934614182,102.2606868453218,104.17752204713025,4.596974516014562
1,1193389.5,8029.904339790344,94.41327402524433,101.22076150450863,2.290235621086096
1,1444497.0,12735.722995996475,90.97791979119195,96.93363024954772,2.45820317355098
1,626158.5,5682.170159935951,95.08248520766332,101.04742899440642,4.850274448764544
1,1136844.0,8228.067897677422,79.15830222747908,83.07898688531178,5.026756130393878
1,1727675.0,8480.685215234756,82.71810959227572,93.33366064923733,1.799825495509245
1,2498865.0,10714.821412682533,86.45472753725844,81.25765588557171,23.319631627310404
1,1607577.0,8229.631392002106,79.46115498142856,82.46507696094326,2.0545822248647054
1,1127468.5,7410.257584691048,66.28619932165574,66.64993340999935,2.903426406355219
1,747230.0,5236.5650317668915,81.1409113980036,83.11048306199035,1.5425558416783343
1,1116300.5,7397.4880348443985,73.41880852955114,75.97125252458542,3.3772442370731857
1,1379919.0,7816.813066840172,63.391468807185866,66.10762920758071,2.2101885365614304
1,2199065.0,15554.584166526794,77.79614529247345,73.89346629930127,6.713326696821093
1,1469530.5,9093.128863811493,73.97311262390889,75.29067929100401,8.001907045243447
1,1627144.0,8172.4110469818115,68.97567173131114,73.69214600018219,3.899065595410088
1,1379203.5,8483.879953742027,77.40337755417059,74.38484878221387,3.6857321722886414
1,1949834.0,11643.532096505165,71.8869893927696,70.50515767456362,4.014601207020867
1,1130045.0,7445.318557024002,71.6186971461565,71.31502475020947,7.688506467444497
2,500082.0,3335.3607264757156,65.58374139677325,63.77878442287601,15.181335683353405
2,410111.0,3156.875441670418,75.989217418353,80.16055038068322,16.530555508302612
2,247711.0,2113.238795876503,71.57337693155401,74.75372233885953,11.9554485709919
2,338245.0,2488.410369873047,63.04196613383348,61.37374385730396,11.278870303358644
2,387819.5,2857.3048120737076,59.8585424275056,56.27552884998419,2.8284832394840387
2,595769.0,3495.953649997711,77.21652662049244,75.70573896330673,24.892125102334997
2,457587.5,3276.549543261528,62.926394374358715,60.12700390596918,8.718722292779947
2,458516.5,3295.5688717365265,61.17901611686411,61.13186999541257,11.737975401834536
2,464650.0,3266.0470147132874,60.755575627935315,62.24958430864359,10.539253064315767
2,316727.0,2447.6307092905045,66.15492582921621,65.3349300872266,22.829394673729954
2,487650.5,3240.5150520801544,69.69822254119562,72.29198129507289,26.10331466521084
2,419881.0,2773.571837544441,70.21193892594225,68.31530596282654,20.052657650611263
2,519492.5,3294.265267968178,59.61742286821036,62.8560059428861,6.648862962344445
2,417607.5,2808.5840306282043,69.73772824791418,73.99983313468415,8.344741358760428
2,546391.0,3402.7921808958054,62.97549401632029,65.36527366870655,7.911256837382987
2,441854.5,3201.828759908676,59.90811998592223,61.03760614729319,9.791463997906384
2,406517.5,3020.3485333919525,65.50157905060809,63.60413397410749,17.83654864652805
2,453962.0,3162.3069021701813,65.31770976306606,63.69423246273819,31.109236887818184
2,287302.0,2328.3758811950684,64.65237099144265,67.87957818307547,23.208968795920132
2,465397.0,3271.96375477314,65.93311955925698,65.01196535060662,30.675365429433135
2,317964.0,2768.8022867441177,60.35669753627911,58.97257136770345,25.48643763001579
2,308151.5,2384.5352594852448,63.81762826621357,60.424723246040486,19.945201585419824
2,295398.5,2281.1382954120636,63.42017314206286,66.21911310238728,9.388844280104182
2,471130.0,3293.8804961442947,62.284970979625434,58.94330923256291,25.2556649506241
2,622732.5,3594.7059565782547,68.97016027499511,73.79972513302856,14.340479447446908
2,444723.0,3145.454087972641,73.71558580125705,71.31018281912652,29.719044480906653
2,251220.5,2095.6235756874084,71.20252486792633,71.22644487807973,18.683562578331983
2,584472.5,3634.6571855545044,65.48147882733933,65.53559204621847,32.93554188293186
2,323609.5,2683.162678837776,58.411038657159395,61.639022302681,14.963507222817453
2,472600.0,3335.7282577753067,61.999905075907634,64.92728814524652,25.8039712021398
2,347679.5,2616.8439165353775,65.89321794681325,68.22262379575558,19.17979097859502
2,405559.0,2828.674434185028,64.63206682834816,66.7845790157027,25.52378922613361
2,304004.5,2561.363686442375,62.093081674718825,62.9111583678776,24.902096828461204
2,366219.0,2751.8804947137833,63.94677111798037,67.03112080533266,22.18652925741418
2,245633.5,2043.422565817833,64.12825085331117,68.37522694446014,18.702547426348957
2,285190.0,2388.719024181366,56.247052247279335,65.9865739689416,5.939259699198211
2,214378.5,2057.280428171158,60.03118873972221,68.18136293956427,7.015115900961583
2,527739.0,3310.934314250946,77.94877354087086,80.70183564018785,48.50572982653343
2,508304.5,3263.152572751045,68.3572700878845,69.16927181418707,27.7340199309479
2,201394.5,1923.197168469429,79.96597865754157,79.31335733288499,31.342611731429194
2,135307.5,1663.6925567388535,55.5254599851511,55.28564287657034,7.228187919463087
2,586689.0,3694.8165674209595,61.35634387657456,59.90641619882415,17.843372613408256
2,453008.5,3107.2114466428757,70.19355733967687,69.46902346890452,38.01174656666777
2,530121.5,3500.539438843727,59.875703009466754,58.90066528239517,25.519179346366666
2,208251.0,1957.0722762346268,69.488695153701,69.20549836386652,35.81242506031003
2,226861.0,2031.866214632988,68.65397822077809,74.0651225081233,8.727654342671467
2,250741.0,2190.670257091522,53.914573542486984,51.733182236758545,9.518290359456369
2,179053.0,1860.9301429986954,53.97033347047246,52.53890118199104,4.868735614290639
2,400432.5,3019.471332669258,64.53420910500549,62.962680976357646,31.77539642440247
2,312415.5,2775.932230234146,61.43288878403066,59.964087473019376,26.941358388782437
2,425510.0,3131.5962229967117,59.09174671127439,61.72153151104369,24.09310182330558
2,182558.5,1851.6580641269684,62.73171461850799,64.7051097830465,24.521820537104166
2,255407.0,2224.954526901245,51.95362550791295,52.17829201401568,12.522262708506522
2,397624.5,3087.8632513284683,59.85877307748219,59.79518875538245,20.993099939345633
2,212306.5,2133.800198316574,54.20495960136913,55.88211516520362,13.218720748829954
2,217102.5,2014.3443551063538,73.44619068589672,73.48510495798011,33.5039359242541
2,515996.0,3346.081503510475,59.09568782842905,69.64695186792204,5.194103995094425
2,326583.5,2547.1382944583893,76.70975551082677,87.75737136836592,24.402492090414405
2,451055.5,3119.010436654091,65.65220879628504,76.37504779628725,4.503002601444166
2,441239.0,2933.4297013282776,62.32154062143093,65.94757381918645,12.046489949034177
2,588488.0,3490.4145451784134,70.46395098554311,78.48333135603275,9.619244784163516
2,569806.5,3422.4906665086746,67.69345454800045,77.98160776296628,15.420914080878235
2,472070.5,3239.5545947551727,68.40465239060651,65.86524539618179,24.00047516472377
2,513006.0,3355.821618437767,65.83905181914126,70.10947111861785,14.829897317983832
2,358188.0,2555.346443295479,68.35594166511599,65.29318806084558,26.5766804884755
2,240823.0,2118.385985016823,67.49428154251513,70.26404176025082,24.774413573736044
2,368613.0,2804.802286505699,65.82221873741074,62.75411170202699,12.803787389248335
2,502229.5,3259.637853860855,63.26271408911198,68.32067824385277,18.049913688179657
2,542415.0,3505.3018460273743,68.92317760754749,72.50794254819668,24.069981929117283
2,236436.0,2088.2093621492386,67.14057654712148,75.59824558446812,16.36104978427936
2,318116.5,2421.2804272174835,58.999565453897475,61.00773116914785,9.119925345604832
2,491485.5,3394.4561772346497,63.862405066372396,69.96580563759696,17.25827220797767
2,398590.0,2765.429702401161,67.5003452209414,68.73144062199808,18.77938630723663
2,539008.5,3546.8237080574036,64.21899839693158,68.67104702951053,16.40792167548416
2,228864.5,2014.653007388115,61.40614526112354,66.69617564355919,8.99824582785608
3,627871.5,3679.162676692009,68.45490518876602,55.34326012345444,7.506429654441759
3,1363414.5,5740.176082134247,72.74738024744929,66.147077966904,33.854992267666574
3,610030.0,3712.282517194748,70.10623528297512,57.50070053854922,15.270342561717609
3,786007.0,4263.218590259552,71.36604876986277,59.70954629033974,25.61915387226024
3,1013542.5,4636.882583737373,73.75957316330101,63.74269801834242,30.26130971802361
3,631824.5,3624.500770688057,74.34878150763284,62.04097668731016,14.958142874048361
3,563239.0,3641.630713701248,70.40167891168018,56.73720466867683,15.442059144123101
3,942195.0,4484.698818325996,77.29190590478244,68.32778184654308,33.153667225725584
3,863764.5,4266.799323320389,72.12685655344762,58.2258496620043,22.17646156171436
3,656656.5,3723.672346353531,72.4701018149087,60.66949174373374,13.650374361857368
3,1179602.0,5066.345569252968,80.41985211052366,64.73456979832793,31.373747676034576
3,834608.5,4168.941459536552,75.80824444939908,60.57203734204072,22.012157260432925
3,502659.5,3360.452004432678,73.83712690190359,58.039750230864044,12.44000705472964
3,771082.5,4095.9708983898163,76.88484289189904,67.12005653181205,31.568735842846724
3,952590.0,4638.7921813726425,73.5665967578616,62.940270293146746,15.61456527486491
3,718548.0,4032.0226331949234,69.76832526541043,58.81239205257654,16.882380071884153
3,666864.0,3898.400268316269,78.6314430098811,65.5129237823618,30.203600981678036
3,763553.0,4045.787132501602,77.60596939793508,66.12037907646082,28.776946340102057
3,1197509.0,5344.546577572823,79.50289858807626,68.01117201393052,34.96812342922133
3,1016968.0,4714.782077789307,72.16209910482117,61.9237820840922,32.50317525716696
3,1024096.0,4868.664326429367,71.83004093618428,60.151714749666965,20.179482317707574
3,744947.5,3971.329199194908,75.04356823176502,62.795038686322634,22.69641529914393
3,998640.5,4712.941455960274,75.61009939383312,62.840078152087706,23.4551442485882
3,778864.0,4097.914986610413,74.31895645151604,60.24921958755378,16.681171327844783
3,716566.0,3879.679482936859,75.28855410389448,62.817410208858604,28.561942864287055
3,647637.0,3819.0520688295364,74.29823991976421,63.02344773906141,16.436909691670614
3,837615.0,4326.414545655251,70.76874264787217,60.08690051537747,10.43440623353391
3,620118.5,3657.2703224420547,73.9875778790569,62.672266627710414,18.272986462167754
3,539923.5,3358.937281727791,71.912709408316,58.48336816938252,9.487358480471826
3,725158.0,4159.9881402254105,75.76387674630222,64.94930216535298,25.325583884953698
3,434731.5,3230.417512178421,73.70098732222357,61.31777386219649,10.867074671255383
3,399916.0,3047.062172651291,72.23881633303138,57.899959187330154,11.480317841109308
3,549167.0,3663.512963294983,72.54161457548942,62.349626304396345,7.874108401664256
3,617772.5,3683.755603790283,83.98352391313107,77.12845158950803,44.93786856843547
3,474779.0,3273.3464453220367,77.4447897431593,68.42799647473561,20.40121705556488
3,629730.5,3776.6084166765213,73.04441339104207,61.98903576024104,14.50845555341273
3,779979.5,4133.40235376358,76.27858078786656,66.02138243174556,18.152125216787184
3,834714.0,4053.9048804044724,73.80192384836532,63.9253037278293,16.796476088596833
3,918255.0,4365.041966676712,86.76875651267801,79.59247460055575,51.095870962139635
3,677323.5,3934.7261667251587,77.40489870106188,67.62021684751998,21.292157401947303
3,781943.5,3981.69672870636,73.96969059869573,58.5306801935765,11.999636852929259
3,697858.5,3920.691673874855,77.97346497642266,65.555243727573,32.24711757278298
3,1041582.5,4807.19124019146,74.94268022778704,61.9568107519765,25.8357678056656
3,864283.0,4336.248026847839,84.93744196348949,67.34833988251742,25.545027126854723
3,678839.0,3975.2185884714127,84.11086522206854,73.52473599859492,20.878447386331203
3,582703.0,3596.625665307045,75.79779563053333,64.259106470533,20.585672452211625
3,875617.5,4209.37797164917,75.28183283601786,58.26692247225139,14.41789857949407
3,444882.5,3245.128189086914,76.84800959887535,65.22344471580568,18.399465883474846
3,857247.0,4313.586119651794,70.90124168184691,58.6196803319826,10.142780633109037
3,707137.0,3841.0865607261658,75.98816322219484,62.948757525613495,12.029999647924514
3,742986.5,3861.520105600357,71.04049114155667,57.664184039911625,17.105022892304884
3,731211.5,3925.8977395296097,87.85352662954043,76.75561933979228,50.48432442594187
3,258743.5,2389.7169407606125,72.92121205123468,63.38596126608781,17.279285208448798
3,433630.5,3118.0255942344666,71.95386018390688,60.019024691669976,15.627500120598445
3,360848.5,2684.26109623909,70.00657589482987,64.77051756517896,7.7347188466637204
3,557870.5,3453.8489711284637,76.68218001049937,66.38766039204762,24.587432191616937
3,496337.5,3342.61852312088,76.02221749547503,63.6079671553499,26.573774044539338
3,628589.0,3684.851058483124,67.79497057521527,58.9450472906826,11.625641212786652
3,504365.5,3247.7312190532684,70.76911001897525,60.366084245402796,13.372939822173604
3,527288.0,3262.920038819313,75.51949310740953,64.61486328184044,21.348884488648388
3,591034.0,3769.8561111688614,75.84082452495362,61.49878102575672,22.235093662344134
3,314929.0,2668.1260994672775,70.45346909854682,57.1551873572599,6.975750789222292
3,237994.0,2268.9057579040527,68.09222125067463,55.770398664563665,8.68351999598365
3,665037.0,3666.8855459690094,72.51862212336154,64.60729675854611,10.014160643281082
3,540854.0,3436.0916076898575,75.11068370559964,65.03760841143867,21.764638076122782
3,733186.5,4051.5201057195663,74.06961381010294,59.5039471398167,19.37040812448421
3,692996.5,3950.3241473436356,74.34444278526959,61.1466192078844,17.95639975648418
3,506559.5,3359.755603313446,78.08128568199908,68.03108669804554,23.4090775988287
3,313795.0,2610.528121948242,77.84333641803154,69.93859337761776,20.962562116525532
3,580992.5,3619.3779747486115,75.10537357726716,62.22594755937524,26.914772405630035
3,1077321.5,4946.7648314237595,76.19978620436055,63.60184396429225,28.161064617283632
3,449890.5,3092.1332409381866,73.1536272926098,63.68487237611542,24.059839968800343
3,1179633.5,5113.960793852806,75.84593055889664,68.13780011732483,39.083148694444795
3,916675.0,4437.385109305382,68.4432603311172,53.21114913309869,15.665048016338591
3,986392.5,4640.338430047035,73.99866527772024,62.929768954622475,21.791128593065306
4,266463.0,2244.8022887706757,52.885827990436866,51.147650430975,3.2653433440377753
4,357106.5,2653.5545939207077,64.66322280130112,46.26845732825426,3.5106418500596854
4,417523.0,2881.336341381073,75.67895790344512,65.24566149691431,16.253019122695246
4,293716.0,2478.5079140663147,65.52134522806698,63.355566606787036,8.12035129383984
4,303572.5,2444.2753767967224,67.19575243669811,66.91136102328255,18.317966238992398
4,362987.5,2660.0398732423782,65.66679535305246,59.958650600034495,16.05088314454767
4,269365.0,2301.4784729480743,76.26108383449514,74.68235787738037,6.343317310877358
4,448993.5,3060.088645219803,65.45436319136789,52.92772862662483,7.362773128211483
4,386494.0,2845.7972334623337,64.38542793493035,54.97729345834736,9.444826726758363
4,225261.5,2094.2997621297836,71.79477146096463,70.77415640619554,7.645591342823994
4,190145.5,2058.452002286911,86.68951197427171,92.57283437932578,9.776365774710921
4,151992.0,1738.4936304092407,79.6734895659405,82.19063521061281,13.716528833624714
4,260606.0,2336.802285671234,67.80630958043955,65.64012558272286,14.937707163923509
4,465827.5,3032.1475192308426,66.75826655604067,55.70858083767199,7.816057263883527
4,332274.0,2555.2286928892136,64.51384461734435,57.13132053129841,10.211825635566612
4,346991.5,2701.0104372501373,62.21149271292265,57.83778917144027,8.967513748257314
4,497770.5,3245.2013404369354,68.75799960453863,61.54269684689453,12.326762948863648
4,272493.0,2357.346442461014,63.59597859421782,61.31238108404062,12.737509958927383
4,293759.5,2349.564697742462,65.46319216697634,60.715924282576395,11.825073527669757
4,441034.0,3015.076454281807,61.75785478949479,57.67368651153148,9.69006990548562
4,352930.0,2535.939373612404,67.1370442333053,66.89885191923226,17.589769905830945
4,216617.0,2001.1799216270447,64.14669002524381,59.502673821380455,8.603134095705792
4,299018.5,2382.7606568336487,67.7014180532667,55.772729387060764,5.2722409760246665
4,468614.0,3162.1891471147537,67.0902194940555,55.597145030501174,6.22710716624042
4,375409.5,2716.525154352188,63.27021962351769,57.46679141862055,9.250968771369957
4,393686.5,2754.8094271421432,67.67875227156442,60.53294619070303,14.292635468414858
4,215926.5,1977.0651397705078,69.63876868969581,62.800227406643586,14.996915739854165
4,225916.5,2112.7362740039825,60.41855522524382,54.1636448265717,3.3566356798152204
4,219363.0,2014.8367773294449,59.59266274548899,51.720937820030635,4.653614703510028
4,301687.0,2415.9738602638245,64.50545154911009,59.4943671720501,12.170642715886618
4,356299.5,2734.123136281967,66.38007366758544,59.60575351059076,4.132496176446913
4,549084.0,3394.35567176342,61.02892754011034,53.23875075266212,6.3401761545791695
4,345337.5,2749.672345638275,66.95109065094867,58.52928050022229,5.277829884266231
4,518279.0,3211.3851104974747,69.47977752495554,60.52833602250075,9.536472592555644
4,274347.5,2412.299759030342,74.81966709550586,66.5883577386201,18.52218881452464
4,499133.5,3276.348528981209,66.93093211835325,55.30230709773821,12.612921813806821
4,467399.5,3042.97594666481,69.32572105164702,55.42161964525619,11.214385320476847
4,149210.5,1829.1971669197083,69.48774292476416,65.91283709456982,6.131244374812494
4,585914.5,3515.1079798936844,65.42265806268182,59.29827598753742,18.80119616374649
4,374612.5,2775.863249897957,66.19315633097436,55.864240140588635,9.956250758619234
4,211942.0,2187.9250917434692,69.33423191985986,52.35488218967064,3.3704649950452503
4,293664.0,2493.6307139396667,62.52796992175867,55.211170371172535,3.4088617104800063
4,334144.5,2538.9271762371063,71.72377624455498,60.034241975836885,9.342045366755213
4,216220.0,2048.635766983032,72.04052875167588,63.48589046630792,20.702781501955958
4,490470.5,3118.029769420624,68.7734592264254,58.62504908211387,14.65309571518206
4,251062.0,2270.861163496971,72.52486397720753,64.12223651148527,9.558981461329957
4,223402.5,2123.1281908750534,75.37826903818716,68.4222742137027,18.226344614893787
4,513353.5,3200.7404460906982,68.43826085612076,59.039914809238795,12.776714396426936
4,279271.0,2260.6113801002502,66.36547613973774,58.99218272741479,16.79520237537115
4,227012.0,1971.8662123680115,68.71134440888967,56.22789637487398,11.084596501994477
4,280109.0,2367.0621712207794,69.39730173861082,64.9471623082833,16.868305921520644
4,349172.0,2594.684536218643,65.5267205118135,59.101153174074646,10.044314100484378
4,231640.0,2046.292622089386,66.20810582437238,60.635877001471215,10.522936763589415
4,206966.5,2024.1921157836914,69.01393098288959,62.873796324714185,6.305987685107036
4,254986.0,2226.861160516739,68.75225555122711,59.11387222438644,7.57728476821192
4,304064.0,2521.772848725319,67.13405988508221,62.10946865196606,7.976426200212617
4,486912.5,3182.833811402321,68.59510809151524,59.701596437946556,11.308042971450948
4,441509.0,2900.3312867879868,80.25374150571048,76.94337065909436,16.520361738416067
4,530681.5,3414.279549598694,80.89201598852107,73.69625164217764,30.78288221975831
4,696602.5,3926.3384273052216,69.1630142641574,59.46065114027845,16.655768299974376
4,673032.5,3839.7942667007446,79.25398248783796,52.46103935435167,10.316945904940308
4,486840.5,3051.8632477521896,64.81347028655277,53.064102433280205,17.88944626191589
4,462679.0,3017.135327935219,81.69031260403132,50.19856530750314,7.7910116944620444
4,558284.0,3298.4734202623367,65.38977756339631,53.03421540235982,14.770765881781273
4,460784.0,2984.507910847664,66.637537744802,58.50074411181089,21.879665257527392
4,389394.0,2730.341395139694,66.75857986051746,52.99717003039219,8.295243150274192
4,433210.0,3025.821620941162,66.39378688393093,54.01177993972521,18.970437851650683
4,348573.0,2646.081505417824,62.40024181383186,55.80589592309864,19.98551683429194
4,327406.0,2514.8855459690094,58.60495034767261,56.13158094590038,16.86773555616986
4,508023.5,3119.034822821617,64.44933844963542,67.09948654626163,6.798297474932985
4,458762.0,2978.1647691726685,64.24103253796095,62.35186550976139,8.86241431670282
4,454857.5,2993.686628341675,68.72380451642883,72.59607174101329,18.27014579892707
4,238933.5,2156.452002644539,62.674185411584794,70.89948596053074,8.304837456314957
4,591728.5,3455.4511263370514,63.166998705969824,69.7662404143582,6.4725710919365635
4,591196.5,3462.9658390283585,70.31795219619806,66.22924973516015,13.359515683051761
5,1074331.0,6237.580191373825,84.41528429284497,80.16605678434968,47.33309626996288
5,769709.5,5076.068438649178,77.69650288699621,75.4686382695821,44.82839909123746
5,1111654.5,6493.99945628643,78.6559398216329,73.64295282049598,40.89183734175714
5,579526.5,4866.176080226898,73.14814578082434,71.25321618535455,29.675745289521462
5,1073473.5,7155.209695458412,76.56863959036426,73.99806260910043,36.85415943209589
5,835872.0,5936.717277884483,75.96708350958302,70.07391167060871,32.53783340979094
5,978120.0,5125.163887262344,83.68130327592873,77.63327733234362,48.424650539185336
5,830250.0,6821.005723357201,80.26293228145695,79.38503765075608,48.38493081455997
5,565468.5,4450.2551654577255,85.2601665599427,82.85952304090968,41.865506638936075
5,1127215.0,7355.6676235198975,87.50347858512679,80.95774469067405,56.964835925847005
5,1566273.5,7899.3316205739975,80.71079531562381,74.26692725385446,49.245816207972574
5,1241412.5,6360.876655101776,86.48399247450243,78.31203089414794,53.78735650394429
5,788700.5,5395.430914521217,78.46407546049703,73.17315144742133,34.771285738387206
5,1153527.0,6533.369075298309,93.73966617168686,86.81134389193473,54.50483236732437
5,891551.0,6830.089854955673,84.69834117615544,78.37596993535253,44.32500424137439
5,1209569.0,8225.539772748947,86.25887121519564,81.45612893327659,38.95080537931353
5,1171328.0,6714.256378769875,85.61219086146662,79.10504157484334,40.93592025079408
5,1129210.0,6468.707173109055,84.9113236803405,78.75777267335178,46.804935199953796
5,910400.0,5516.501983761787,87.44267357109125,81.38891329068706,49.9608158493532
5,1083013.0,8172.132694840431,86.85910470903364,80.73295040609653,29.52389247857718
5,847761.0,5996.006596922874,84.30327517801926,76.93696141229404,42.99973879525784
5,493407.5,3923.863249063492,76.91012717966093,73.44455805773707,38.81834646272745
5,1154794.5,6759.317342042923,80.23239992515329,74.54257864344677,36.229366022201624
5,1225147.5,6142.474631786346,86.80709540347293,79.27204739530133,53.535455771195096
5,580126.0,4361.600403785706,74.17719830598786,74.18370482115301,32.11088755717637
5,692005.0,4527.031859993935,82.8541269450101,80.39434579782704,36.705971110736414
5,929692.0,5960.443107962608,82.51151579031662,75.29548231265942,44.68730270896752
5,552586.0,3734.9587050676346,87.51460250152863,78.69238868125228,51.88746015608323
5,711591.5,5356.886764407158,82.03733214142702,76.91536290163388,35.78960644531801
5,946297.0,6935.864461898804,80.35578213351337,75.00209194868765,32.697656975272174
5,777185.5,4836.681571364403,88.13155394305196,83.70652935208598,51.60013029349511
5,698201.5,4831.524279713631,80.43036395528566,76.07161588736895,34.372408692782834
5,1208631.5,7190.121381759644,88.89124076501652,84.00509413269818,53.365836932960185
5,965755.5,6453.940580606461,91.81149831918154,86.24107114023766,59.54701239336673
5,487137.5,3907.8876361846924,76.30658733965365,74.18983784225082,30.232194793399394
5,1141220.0,7269.7122230529785,84.80467923180554,77.16785236268204,45.811745262249346
5,694245.5,5634.602489590645,76.81122091924269,72.02391537414849,30.143420097629672
5,1075165.0,6793.03603374958,77.67807556334924,72.3330441958383,36.73527414923246
5,960835.5,5273.499894499779,93.72288705862927,88.59878960409749,58.905958655083154
5,595115.0,5082.075574636459,82.02330360404389,78.60317319993796,38.50361038228853
5,483683.5,3562.7505538463593,79.16838984192995,74.13881027102306,38.26958868416155
5,657640.5,4232.0154901742935,81.45979495917119,75.92181202920263,33.225298303546936
5,627278.0,4738.654220581055,76.37189370491636,72.98184024402721,32.41388064664655
5,794226.0,5805.340514779091,85.95142518694941,80.4507650699498,46.02594115349008
5,1119221.0,6778.776149630547,90.2963618319871,81.52070595498097,42.13956599686665
5,756178.0,5289.30602645874,87.05950462532596,83.0280369599902,32.90943923416428
5,1037602.5,6905.964965343475,86.59284255386194,77.3029411030049,39.927522475698964
5,1051207.0,6616.319431066513,85.63599083643848,80.1885208283231,41.07390061694033
5,387816.5,4816.37709581852,72.84297077463886,70.35551279090653,16.077330459548918
5,753631.0,5431.815693736076,77.72022744052393,73.42130940303502,37.72494144017337
5,873207.0,6864.766042351723,92.60315990647462,87.02419192795624,54.78035921416763
5,404697.0,3754.1302782297134,78.62019062105173,74.65273358438724,28.238828306122198
5,1298769.5,8706.05240213871,85.40941570017488,78.96029792152608,46.59557430057208
5,661455.0,5633.129399895668,84.19003518329362,77.056582302425,33.23856391631673
5,446487.0,3597.620611310005,76.33610287903419,68.53365488606285,37.36227753880598
5,855482.0,5781.37917971611,80.69488085909569,73.57798555488188,40.719406357884836
5,881766.0,5979.673558831215,88.46912680347843,79.33435276247565,40.996327112250015
5,609548.0,5594.678603053093,78.73655498253639,71.80137513679286,24.256176156432048
5,686331.0,4657.683659553528,82.93088516281672,77.8958573139227,43.983576256099646
5,505095.5,4060.573923945427,83.25173007300137,78.52826478327101,40.227471462203496
5,430415.5,3601.672345519066,75.50463828762938,71.40553307904531,32.47105467809728
5,332105.5,3379.4124557971954,89.86812935939105,86.08527434500243,31.027236243699345
5,388736.5,3760.054155230522,90.58437925840924,84.82088298275633,43.072232866466535
5,472215.0,3516.566784977913,75.46556983653542,74.74114257731762,20.06755659571401
5,399633.5,4388.10292840004,84.69727907248918,83.66930035782674,27.09069177347102
5,569553.5,4139.853148341179,84.9978885224976,79.80998298053399,40.953687550969754
5,399553.0,3574.3556730747223,85.32672447546867,83.72352528948045,35.01944251166526
5,668973.0,4626.556685328484,89.71608787601782,83.44254028304476,44.19132522996256
5,344766.5,4066.0196645259857,83.42965346106126,81.54776524223101,26.09613642265632
5,465296.0,3752.4389332532883,73.25611789741858,71.09453611996308,23.705568453962726
5,536982.0,4166.615556240082,84.12852602341188,81.04162298662045,32.554704735257175
5,734197.5,4749.524277806282,84.24232934702229,80.64897544652926,43.132269982927525
5,702352.5,4763.451127767563,80.86022919352115,74.38780155807713,26.311668834271345
5,602679.0,4771.943546175957,83.54028634427361,81.0638637129352,40.64150090566717
5,567914.5,5429.528457283974,79.16900486756255,74.63140044013883,26.51218122039134
6,901630.5,4004.121388196945,69.950164750564,59.02859950414557,15.69857444614298
6,469954.5,2802.6470885276794,79.9515880141704,66.52953474994852,28.991588183977434
6,417182.5,2632.6714717149734,73.90697757821802,65.13741171632549,34.03753221726511
6,386764.5,2554.632802128792,71.58569550083796,66.36204718318938,17.536480598169394
6,371092.5,2484.716066837311,68.42287228325128,58.70052346453985,18.472069350989962
6,535334.5,3123.666417002678,73.64247340380928,69.96125872796695,32.381406798264
6,628422.0,3296.041089296341,73.57331707131392,67.03164908296168,34.142472419065264
6,433728.0,2713.419598340988,70.67840357234833,62.6496104815864,15.679219859460652
6,486015.5,2895.2156229019165,72.60462376493672,69.36803141073268,25.254458953002942
6,752940.0,3601.4035683870316,74.3480916495677,66.08428983771769,29.380201054682686
6,150918.0,1585.3565477132797,72.27380316254032,62.611622368672776,19.518039145837044
6,420786.5,2703.225727915764,74.23083431691813,67.06442361930765,28.906933917321997
6,196441.0,1792.008350968361,81.36135762025984,71.41593221026582,31.423848112049818
6,471023.0,2799.0562435388565,69.97382538253825,63.16550855085509,23.34804256896278
6,355834.0,2404.899829149246,78.81003945834455,65.96733757062147,29.097634180790962
6,447816.0,2685.835902094841,71.7087930323989,62.55028901734104,23.158463920166618
6,614138.5,3314.7446290254593,70.25009498572778,61.75583959264924,26.694137838092363
6,417512.5,2633.024718403816,71.50639028361734,63.72798378374507,24.100928996583413
6,451794.5,2736.0196701288223,70.95818145288597,61.31628298225124,15.46299783853241
6,479173.0,2873.9536505937576,75.80240884603535,67.29396997477082,26.81593726842022
6,621872.0,3237.4725501537323,73.46242074780082,65.64514416925095,23.795919774486002
6,477415.5,2803.1912437677383,75.5326439442694,66.28886432589199,27.385392028216337
6,612718.5,3187.465405702591,73.54699893385853,69.95081588306626,28.14364425056766
6,641578.5,3277.3720438480377,68.7119435462171,64.94448410643099,29.605322794132515
6,793717.0,3632.7172763347626,71.66100177878904,66.7689334179777,30.666414828689415
6,578392.0,3191.3405166864395,68.69248781395541,65.58100855133819,30.09290340588962
6,250072.0,2047.0276874303818,72.23860040648786,68.2716534491691,27.633228390387757
6,248324.0,2052.753520011902,55.55449847121797,52.4961961014052,4.525728478681315
6,670593.5,3391.2055242061615,71.5339876446429,66.27559021151075,25.18480674858946
6,726909.0,3544.006601214409,66.39496649909357,60.42814377826596,19.97130962078016
6,314467.0,2315.5373512506485,67.9576726285957,64.10185261502761,16.90709344864097
6,554462.0,3021.541528701782,76.29276943230812,70.66535546422325,33.74852444738755
6,753039.0,3638.6340186595917,69.23531631940904,57.183613713023455,20.5982264765126
6,326058.0,2338.993193268776,73.56559189102417,67.27307251295693,25.48604014738033
6,425631.5,2780.5638225078583,72.7793629743484,62.14766773821685,27.46187171388673
6,820628.0,3756.800534725189,72.32162381491543,66.39953204041072,28.085601860175814
6,391877.0,2586.6155613660812,65.00084484820724,63.725711886403545,8.637743339186198
6,586059.5,3166.9801210165024,69.22205140777211,65.67366381673256,17.403189066059227
6,650058.5,3306.602487921715,65.62989440203367,59.648396688531285,17.440407532317213
6,717938.0,3486.928388953209,74.90046307227762,67.32950773222366,24.893590601882845
6,496529.0,3005.6836639642715,67.9761934873861,59.6544331825728,22.886672648908643
6,490124.5,2875.1567511558533,71.2323351977139,60.94030318572975,28.47739133266574
6,301716.0,2193.3952139616013,69.429985196738,62.45153914273252,11.845471127030493
6,553176.5,3087.347658634186,76.07643999076559,60.8761579084062,12.793396314893371
6,464789.0,2669.6348898410797,64.78954963996071,55.03657647457423,23.795733995513984
6,475407.0,2717.75264275074,63.16264028116975,50.22592442096709,19.010715617237146
6,437156.0,2664.581066250801,73.12383662163364,65.35550606816331,8.766735649860474
6,631241.5,3311.9750707149506,70.1246051573287,60.07213591910841,14.272604594791474
6,567319.5,2974.411583662033,63.61463301437846,49.338232217665166,21.95822177530646
6,802972.5,3723.4452073574066,69.74938652439994,60.611306082101414,17.24460290494357
6,693516.5,3523.3720446825027,68.69660419745958,63.06764457046495,17.202624884549035
6,436769.0,2717.2673592567444,69.095025941285,66.07279088035952,17.875575458082903
6,513932.0,2951.316129088402,67.94629713025654,63.88238011677744,18.708735791042923
6,520856.5,2863.2257355451584,69.28251633861737,63.4785586772807,35.84260337575372
6,564247.0,3006.4288316965103,65.82388958825119,57.74288519021379,30.03046492781463
6,567589.5,3055.700906395912,61.00321226770302,50.324417973954304,21.64425978293496
6,567433.5,3056.044050216675,60.43644337082044,51.356368654080455,22.878576519702676
6,434869.0,2618.6744302511215,67.99810313704891,49.663686428140544,11.265088317663762
6,559214.5,3004.068442106247,66.52573741635251,50.694206497958255,25.81586861553153
6,486081.5,2820.387191772461,65.22760646108664,49.27959417222455,15.463906594803895
6,463187.5,2701.7455031871796,77.30563961071104,64.70587032597139,30.380809311254687
6,412772.5,2666.2307829856873,66.0175449616823,60.39092986847319,11.528600558578235
6,823953.5,3841.2441881895065,66.18677716341413,58.86732043774518,17.39645405598948
6,613156.0,3239.9923194646835,67.37954366819689,61.330232754931174,11.991040001041481
6,723191.5,3558.1659837961197,67.91746300724883,60.51233735677944,13.953476690737427
6,461212.5,2784.6470835208893,70.35512017407576,61.39956826790726,13.193782452834673
6,646968.0,3257.6735602617264,72.5624528598124,63.5583460836317,24.64321997112327
6,676881.0,3593.555805683136,69.48548277096349,61.65379306890878,23.584362843081944
6,682802.0,3348.9527760744095,69.23209725485157,62.41118676091175,15.548448562597006
6,433484.0,2663.007477402687,63.439784901700904,50.84360273543922,17.327606122524113
6,442657.5,2641.392252922058,57.88981007409544,47.80816311813806,13.396054552993563
6,441997.5,2669.191239953041,63.546107789836675,53.588964642532325,18.883729065251195
6,496795.5,2817.2745032310486,62.77003781553086,51.558214641274326,25.760335040786178
6,496802.0,2973.7425365448,70.09029140054172,62.83689761727401,19.772439327527945
6,395457.0,2559.0419632196426,70.45608907270572,64.08927697778226,15.995959952588708
7,906840.5,5239.81865298748,81.204773720123,91.43699600100305,1.9384983744451336
7,1170606.5,5551.132361412048,88.10975853004054,86.71850440012683,15.074524271447421
7,1002138.0,4925.041960835457,82.50925035394476,84.18553973838952,11.5820026802231
7,638197.0,4452.507910847664,75.54980772895249,79.09452831897939,4.708635172325464
7,617189.0,4254.130274295807,80.06060728424514,87.08832902343175,4.737227373824334
7,1102272.5,5407.166854143143,80.82933019780785,86.24942996617362,8.495048241290634
7,770222.0,4370.306898713112,79.59925824535141,80.81388407234698,8.898850461589463
7,829371.0,4336.105889558792,88.26071868474484,89.40024201541586,20.61056327524322
7,624923.5,3961.9465121030807,87.93680819388841,97.82593890964097,4.878130430134464
7,668519.0,4214.7921797037125,80.44520546923592,81.18149397187821,4.214463315936824
7,847274.5,5029.593257308006,78.70604991254358,88.40461718100771,4.368010254647667
7,529231.0,3914.258131146431,74.34768599772516,77.24577611726689,6.670128505464872
7,925504.0,4929.52724480629,74.12435853630407,81.89674388123666,2.815603371989122
7,999354.5,5324.70596075058,74.96730948333432,74.98844167783835,5.131101459488974
7,835795.0,4524.081504702568,76.03376131722605,82.26054862140492,7.112711575138265
7,907254.5,4979.745502114296,75.65731220342411,78.3812212219696,5.980187961492962
7,945485.0,4628.071399331093,78.22059213060432,80.2835019180135,9.108632907518507
7,949496.5,5124.740445613861,84.38587936572101,87.66199789668491,6.039771393440984
7,903732.5,4972.456176877022,77.45455799702432,86.11162324560823,3.630084369743447
7,965233.0,4882.733304738998,82.31803006561348,87.0492359563569,12.626479611032327
7,867294.0,4975.208483338356,78.71080809741927,89.83457974771177,2.569776013413665
7,833127.0,4465.443984627724,85.11945988727895,88.43314386841308,16.372448839083336
7,867033.0,4926.237922787666,77.057605277023,86.86552058144805,4.65720632524923
7,970755.5,4962.17190527916,81.46855813877008,85.46547705424476,7.596184717080801
7,697203.5,4398.113030433655,74.30634515407004,87.43659637154155,1.7272463332832757
7,820183.5,4908.823711037636,81.96573405316019,95.21802606940493,3.4974198098295273
7,817996.0,4528.497804045677,75.4787293457716,76.48530211572465,4.542393756478264
7,645709.0,3991.360724925995,88.04322088736717,94.81384717788578,9.087124388620426
7,1001983.5,5207.107975363731,87.42850059490324,88.52236786427245,7.74750016179377
7,971279.5,5112.019665837288,83.66664646684593,86.13095132938787,15.887842720772058
7,1022945.0,4987.242972254753,85.05344530766116,89.82008515120924,14.959785805205636
7,583420.5,3684.441895723343,87.27676836502526,89.36527350016178,9.482072818101976
7,836023.0,4376.306899189949,83.28069859324341,86.65049813430832,14.160960207726005
7,743009.5,4139.922125220299,90.31820866749541,92.29134458677564,12.936427537729998
7,988602.0,4707.468369483948,83.44955957296696,86.85415794005105,8.551972610454982
7,991059.0,5250.9485993385315,81.29163244270507,89.73479650835064,3.5176625839493645
7,819885.5,4397.637854456902,82.87952529909101,83.0771364643445,10.304302068238863
7,668167.5,4075.21144759655,77.61188835193438,76.66095004134118,7.068760689756043
7,605692.5,3739.8733525276184,79.87263522690792,85.28715272347117,7.860844082613742
7,898663.0,4690.272409558296,83.28097028553286,85.27656312617464,7.256094812762334
7,746262.0,4535.669380903244,78.37356344879196,89.38245135770794,4.157947134915545
7,837447.0,4603.159711122513,83.21070642437871,90.35414363851197,6.736089009376429
7,813948.5,4649.000331759453,78.76902225943182,84.13062696085609,6.137375997557181
7,703704.0,4098.365773677826,82.22066431019283,87.2667431056133,7.792764472613786
7,1029742.0,5117.0663450956345,80.17840249127492,88.0372334756347,6.307916425245281
7,402214.5,3085.741324067116,76.23605966836045,81.72235284207605,4.935391483805753
7,383876.5,3042.912897706032,82.65085186569489,88.36750399717602,5.84304076081314
7,872129.5,4438.740445971489,82.91528683114107,85.23952396532356,12.182394541822916
7,733203.5,4248.466280698776,86.64620145548527,90.00896143644154,14.142060803917568
7,849069.0,4421.110943436623,79.46246829129592,87.37956214671011,6.791182542265544
7,638818.5,4184.039872169495,77.83269786917919,84.24937923241757,7.9932499816617995
7,1012338.0,5030.036912560463,83.03334500461098,86.51363221667151,10.049951424471217
7,766936.5,4312.240884184837,82.00412134359182,86.3035657620259,7.574073640567859
7,828557.0,4573.762746691704,79.79763102896987,85.23702832460128,4.2889017836505126
7,477098.0,3940.6845350265503,79.27028911969464,85.42911702185415,11.617372656618683
7,729034.5,4162.182007908821,83.9046736950401,84.85419499768791,9.441907839472899
7,709431.0,4040.375879883766,86.20929957922174,89.23397689585703,12.404113026693341
7,588617.5,3783.2703224420547,84.36227582947541,87.74038482712592,8.635516979112143
7,705128.5,4237.613468527794,81.08935597285746,87.78857897669577,6.989507581864621
7,664092.0,4026.0226315259933,75.82169013026993,78.8199992491647,4.984774561699891
7,879280.0,4500.934313774109,82.43176266220983,88.37400194929783,10.882849242576386
7,906173.5,5023.50999879837,77.45236106020128,89.50531938899401,3.6582756263559904
7,700079.0,4007.4885782003403,92.26119898003135,93.8838579624748,17.04308592202064
7,636123.0,3726.3170058727264,82.88352400557514,84.27072688533482,13.332563014340788
7,851512.5,4639.7455006837845,76.70095919103693,85.742824810575,6.547833034220675
7,627776.0,3779.6550961732864,91.87971507409884,96.14753048862822,20.94748505552846
7,669744.0,4143.027681708336,81.7711039976178,88.86199657559742,7.289540683391648
7,702480.5,4216.123135209084,69.39147939410286,77.80937522181684,6.034810692636391
7,709343.0,4103.052068948746,81.11765185590333,88.10889222276745,8.648626228000737
7,1061692.5,5113.711007595062,90.49581781067558,96.31501001845803,26.405396997845937
7,703016.0,4169.336339354515,84.964411513947,91.4542138884042,19.53158164271356
7,660318.0,3913.0032966136932,88.45345186151776,93.46673191153883,19.570175239873073
7,574126.5,3748.677396297455,82.45211034027663,86.25774543939012,13.105778364345191
7,623667.5,3984.667291879654,78.82704301462066,85.96093911124967,7.369124759186871
7,976933.0,4901.787129998207,87.59210832693344,92.74436469550156,20.99646133923757
8,249934.0,2701.6794887781143,60.70412492353161,51.38829258991491,5.02875608767846
8,510492.0,4334.644117355347,72.93244427443074,76.7493271555905,3.100699289780767
8,349023.0,3605.1739925146103,83.33337136467877,88.8666725615252,7.941424121761155
8,657680.5,5434.964090228081,78.92920399570309,77.1562327180387,28.78370901002865
8,373987.5,3722.75472843647,72.06811023517227,79.0148829729737,3.157533207134242
8,358562.5,3568.2795507907867,67.20911265254193,62.17835564457211,15.110960795370893
8,318580.5,3453.735397696495,81.58941771171138,80.27547316000275,12.794618254072393
8,244814.0,2853.5617351531982,77.95611461085146,75.32910790489738,16.71281446860394
8,493978.0,4228.1832228899,68.9511475416449,63.950318576681276,13.663188106470566
8,619038.5,4889.033076047897,61.31578676214887,61.443317641452325,5.392183253693281
8,702285.5,5479.5671228170395,66.1265232847746,64.78299001624931,8.507628664079075
8,409001.0,3918.9384956359863,76.44623000075481,84.72556080671434,2.849358295410552
8,494388.5,4385.857322096825,79.26816456308332,85.19342489159695,4.0625231716556245
8,238740.5,2550.892688393593,69.2566338103339,72.77540111411321,11.251780412955735
8,302278.5,3435.8775317668915,81.0423644282333,85.60271456271047,4.891094878015861
8,423379.5,4085.0288974046707,75.40018492530238,59.907279204351845,3.6318390680515726
8,433317.5,4571.5284543037415,80.6334555546366,69.89185482314669,6.4007319493838395
8,510013.0,4743.937618851662,69.85847477653245,63.30643910765307,2.453317397171722
8,433322.0,4077.565908908844,80.51385198804873,80.26560790622845,5.354916111238795
8,226529.0,2882.851059317589,71.8853681021994,56.049277843627905,5.115496729443786
8,292887.5,3113.132364988327,77.298117779618,68.787223572214,9.421106932924264
8,382220.5,3530.3871978521347,68.05779879868142,57.928574965146126,16.760025537792025
8,275010.0,2819.1597150564194,70.6428120046077,66.58134815312339,8.256128871507654
8,286359.5,3000.1719074249268,69.07534665083564,61.969726637087646,4.1351434860194
8,254804.5,2742.4906705617905,68.78315950417736,69.18328899844762,7.723954879827757
8,245200.0,2557.738363146782,69.00720681282958,68.31464344921791,15.35494971849654
8,397262.0,3713.257255792618,63.59272100964214,63.58674418488044,7.770554109819141
8,365630.5,3452.3871965408325,70.3589797215447,70.9103494543341,12.131915887596625
8,284921.5,2865.260218143463,71.81918682607967,71.40200919045756,7.101995921559864
8,314763.0,2938.757693529129,63.435750573867026,68.05476601696814,5.522009023999798
8,200560.5,2398.5251618623734,69.9947466850541,72.62065014113013,5.5383630888896604
8,483754.0,4106.727382063866,64.63991654274403,66.89698631152707,4.9971865100778965
8,358508.5,3833.6664175987244,86.2178828651233,75.31748693657924,4.661353375943315
8,457331.0,4621.545702219009,79.56254531125155,69.34887214443866,3.7368126568885076
8,365488.5,4207.774062991142,74.29262973913328,71.3039497541613,5.669541591118226
8,406332.0,4205.23704624176,78.40098546548666,77.27210314310076,8.469502513892564
8,497978.5,4956.606666326523,66.35883849088597,61.4552276708231,2.4443880121893673
8,494743.5,5103.694974541664,78.03298896879792,74.43677080776088,4.697207387404066
8,440746.0,4705.795481920242,64.80074939188137,70.11720145722616,3.733333483904336
8,349661.0,3864.8207424879074,78.33603832338056,80.11070914193655,6.208196945287283
8,415272.0,3923.330406665802,68.04104779195737,72.44582962588109,2.0722503495597824
8,514569.0,4914.163015604019,70.52749407267625,73.90562345768616,3.733433976871341
8,511096.5,4920.807675600052,74.87454477787888,77.96312043194709,7.744114993638094
8,496889.0,5313.466616868973,81.75967617857057,64.99701100239601,2.093730717760095
8,317472.5,3235.56887447834,83.66450354476912,83.16656976380709,5.926188154094302
8,495686.5,4695.327444553375,67.06016798708038,58.720228577840295,2.4478286307369874
8,528111.5,5092.346776843071,77.13857978770547,73.5197783900087,7.641645028012393
8,451170.0,4771.71222281456,74.2845199824369,75.93972062318109,8.652394075322745
8,469842.5,4162.720238685608,88.71913709947503,93.42883502456318,19.02845831084641
8,447885.5,4434.3081114292145,82.76026180582883,89.14885537762423,4.607658087278985
8,388039.0,3875.8257981538773,77.2494791185557,85.19623117898821,1.9252881526413566
8,455106.0,4343.389286994934,83.74378449109632,83.7432855873716,25.545321464676302
8,339732.0,3745.7425372600555,77.79987051754897,77.7459507439382,9.090983392850342
8,284961.0,3145.350622534752,72.3084443140501,64.91061118853276,5.155722274030687
8,504013.5,4642.557894229889,69.98736388608921,64.45616292168138,5.525157605580917
8,355519.0,3410.8308515548706,72.56738079364457,67.79249606427143,11.633800765296119
8,294322.5,3013.7942694425583,68.11693000884938,65.61281943890889,7.656211790614255
8,363429.5,3640.102927803993,80.46015621361431,83.78352551826922,4.3201091467975115
8,479983.0,4414.8106434345245,69.52088633599921,65.54677169668018,6.074306797760503
8,585474.5,4789.268567085266,70.72498953252067,68.21049164814292,5.602651080618313
8,387636.5,3817.8918228149414,66.8235131013448,59.99832093288353,4.910180178792407
8,346141.0,4078.644119620323,73.2380755278846,72.18263111601676,4.590486291959137
8,539875.0,5508.662574052811,71.7314656348896,73.05830671515724,5.1418109457874435
8,329488.0,3258.120173096657,70.5659607720088,62.82748373043051,6.181160185489686
8,386409.5,3647.9263026714325,78.0283415209984,75.87712058806852,9.342327736853772
8,323537.5,3792.6613656282425,68.37442797392053,71.33835035059663,4.122302866281215
8,359493.5,4017.1121555566788,69.94609144256718,71.66614486071937,5.928370358466832
8,318517.0,3571.919164299965,78.23188564150271,74.76241391582326,3.3303759295217996
8,244969.5,3500.8724777698517,70.70874479669585,71.05014240621881,3.987150983049197
8,298633.0,3777.364899158478,76.20067075648277,69.7724423662317,5.065943288771656
8,543635.5,5171.66048681736,81.19318135961936,77.33493218778317,11.857832797120961
8,426528.0,4665.452338814735,76.77387519835713,79.14291048259125,7.703570428451414
8,332894.0,3831.4237747192383,71.29563205609907,75.06097127194359,9.343567946292195
8,311839.0,3664.74758708477,73.92275714650332,77.53779670750383,7.714643950995406
8,409053.0,4656.741659283638,69.7064500512102,72.44927758356019,4.486895786654211
9,229504.5,2050.417514681816,58.844962148834945,47.73466420113206,11.882583255200194
9,105047.0,1398.7737283706665,65.78745552274964,57.68509160420925,18.821201453554394
9,108955.0,1350.6214851140976,70.74787499201125,52.449753033443194,12.419140136402232
9,124463.5,1482.7219905853271,68.94402302066264,66.27636785100516,19.945669637504498
9,143252.5,1639.859079837799,75.89428019672678,75.87018255578093,23.305850398732947
9,180629.5,1834.0255978107452,72.02751269816838,69.64055388201147,3.38449064403351
9,148182.0,1717.5331757068634,67.51611473692692,70.62629253619102,5.115636666398088
9,232790.5,2050.9616729021072,65.95490594901334,63.438830537299914,12.00508071890677
9,308684.5,2412.265272259712,71.33083316179497,69.54901386887607,19.172563297653355
9,97731.0,1304.4793529510498,62.074823979488016,57.54812583940418,18.02106141386187
9,159797.5,1769.0306487083435,68.63321624752439,73.21657137874767,8.462339474110335
9,294936.5,2338.642914414406,67.33253559649263,64.47266913361757,12.62085377952967
9,198124.5,2084.545367360115,65.75551614653457,62.96452183349074,6.711497498141189
9,127107.0,1615.5676654577255,68.12757484959671,71.69492188416795,9.553507584706978
9,256863.5,2193.329202771187,67.09453101059353,67.14738614191677,5.569210896861509
9,179132.0,1762.1504874229431,70.09998223623586,69.44712504579721,13.218483196589357
9,214274.5,2132.7118891477585,68.25179054665634,61.08181045967034,7.51904733170254
9,124227.0,1475.3077774047852,70.7029191526849,65.70614663836943,17.866952308493172
9,267784.0,2168.459142923355,73.13312420605087,67.77124635662992,16.736399628163298
9,178717.5,1786.250993013382,77.28956210195518,72.7298059296488,26.34372684166244
9,181332.0,1815.8174468278885,68.41718738875898,62.07325341321694,21.20394416179716
9,207645.5,2036.1088556051254,64.10547278430172,57.57375301227862,19.121624335386144
9,116037.0,1520.562615275383,66.2766280175849,61.98688844898064,18.302208396534436
9,167065.0,1812.243850827217,66.42158568262516,68.95485904248982,7.43593761170555
9,143809.0,1647.959579706192,62.1664567735507,58.231908827966066,18.567431046651627
9,192382.0,1887.0377918481827,69.6930984683393,62.042067612545225,26.516809963300187
9,147029.0,1722.7047480344772,66.31917283566334,61.764139069710794,22.825222286882028
9,170643.5,1778.7707637548447,76.42945196301756,78.5509499035823,16.06724769733584
9,102009.5,1384.295588850975,63.587478559176674,63.13047715577733,10.171010057695307
9,77771.5,1147.2417666912079,72.50230638504492,69.75889651295026,19.16452639245601
9,89129.5,1279.8103049993515,82.78109214179779,85.27502035081459,17.252483914493126
9,81701.0,1163.484404683113,64.232414413976,64.623689140855,23.706525706221562
9,187000.5,1933.74132335186,65.37825678180823,57.84296269540691,26.024450098533418
9,249102.0,2142.719026684761,70.51763430710652,74.5096030781045,15.018498224170479
9,123211.0,1497.6164364814758,66.82481993475663,66.78167694841898,10.832652369109525
9,179382.5,1823.9667208194733,80.34754300368009,74.56315809923457,13.552067895581125
9,136407.5,1714.3199715614319,72.89666008063634,71.46360063867482,10.451782238132386
9,177987.0,1837.3809343576431,72.83737712243074,76.43486930294907,5.60851764968722
9,90843.0,1231.9453016519547,74.9880696627008,75.47577399971647,20.381901656506614
9,134146.5,1674.0357033014297,66.9969454782699,74.62757817944573,7.674011358075948
9,143857.5,1625.17278277874,61.7792628258343,58.86346781780951,18.709654657147603
9,123307.5,1507.7758153676987,82.53864399122241,84.10618626565122,21.119142894023494
9,155174.0,1685.9839701652527,72.77772788504714,66.57869651677466,20.147187119122457
9,168367.0,1827.817443728447,66.7242466754692,65.4719654814675,10.91812458738093
9,170477.0,1763.1311523914337,72.6649342458714,71.98649295741748,23.396399289902128
9,113547.5,1440.4965951442719,78.0172626711159,81.23848936300656,19.79491491281081
9,147345.5,1627.373794555664,79.08155007970603,76.45117667720407,26.452412796195727
9,129008.5,1541.0752429962158,65.05037429939325,69.71839270983509,7.755298398723296
9,147525.0,1664.3372157812119,64.51367192769459,65.74911641710509,25.790435721030622
9,131751.5,1623.006261229515,73.21037453098695,72.30708370137175,16.790176582942646
9,150034.0,1717.2489029169083,59.27678176695326,54.71517462998766,6.574197124362417
9,198836.0,1950.645872950554,67.14620577071378,61.59003595429098,8.673607146791655
9,131714.5,1559.3494099378586,82.42391099092839,70.98066333814232,10.508471119638042
9,166163.5,1749.231657385826,67.52905796016175,63.74886326194399,9.027754979781339
9,170153.5,1783.574805021286,67.4136685206302,64.97424425775523,12.28363314793698
9,251751.5,2171.481437087059,67.28638704698304,67.59628923784473,19.397497283079492
9,195731.5,1912.0357022285461,63.82251024996694,63.1339362925132,10.32241360015464
9,236704.5,2051.599187731743,63.659168579230396,64.69992712713383,11.453005377514952
9,176999.5,1855.6336777210236,75.7658249915645,69.48900011247329,12.545686649420762
9,233945.5,2071.457056283951,64.9081501576114,62.14248409096671,11.354490446129013
9,176753.5,1847.8346894979477,62.777708322774295,63.588580471130186,8.923468094811712
9,251762.0,2157.380935192108,69.77787821029258,65.00210253286436,19.6111021595174
9,210083.5,1997.3393033742905,71.66127726853507,68.41565340962563,16.90457659658567
9,137558.5,1593.7514268159866,69.83943745352421,71.16326987358588,10.043800942871789
9,119261.0,1483.082383275032,81.3769097338048,79.60472679965308,20.31042764694109
9,171959.5,1764.663118839264,71.09077962451589,73.93860608902551,10.365150488893521
9,187866.5,1884.3199727535248,70.35730751498386,70.1542264828858,11.811131778509086
9,112511.5,1402.2123246192932,68.19609108427771,67.84668422820572,12.950674469175963
9,228575.0,2001.0966613292694,71.28300000432802,68.25551713243281,17.308613175332066
9,112286.0,1495.4844064712524,67.08174485829888,69.4847851685274,6.440030456223606
9,161859.0,1711.0478917360306,63.65965794830481,67.68346996131778,7.4337267153320585
9,261149.5,2206.368741750717,65.91916738350304,62.2884372714492,9.37678056470285
9,202219.0,1898.954529762268,71.11251570968503,68.61153876364779,14.601754575445762
9,157780.5,1662.1778371334076,73.16396017866606,74.8587326822621,15.253627577156989
9,94494.0,1376.8569881916046,81.7046718751643,85.48437976467125,20.44975342004816
10,525895.0,3156.909933924675,67.0427708809819,68.3130355131254,6.1172562763371
10,541482.5,3300.0987516641617,77.27138329824355,79.47034238306267,4.61666494898485
10,526275.0,3027.713975548744,69.43070828004268,71.60087257921703,9.978747436372856
10,199770.5,1875.893565416336,76.86580362795289,78.6537593029226,20.340877029445338
10,375517.0,2836.03273665905,75.30852424731411,75.96056626608349,23.872627287782922
10,449481.5,2930.0255974531174,73.63938626855622,75.08192092272326,20.12851773845987
10,778972.5,3817.4166313409805,76.5861664817779,76.67318575499232,10.048173439737138
10,344779.5,2575.280428290367,77.78211487873268,78.59050674992051,18.75442430549533
10,387125.5,2754.795148730278,84.28476672837806,78.83614467758589,32.40284061210144
10,509475.5,3149.838865160942,75.34926577913618,77.03209020287811,4.051643302867331
10,982401.0,4351.541524767876,74.70567805483856,73.35774627023166,10.068514708030975
10,370888.5,2671.8245844841003,83.39475386254519,84.60850954196937,45.922947691597535
10,508892.5,3341.9911066293716,88.92833777384516,87.55355531324695,3.839990838385598
10,712459.5,3810.750552892685,81.32318204589279,74.94264100461503,12.664720649518207
10,271249.5,2226.8885120153427,87.06947316610896,86.84657427575492,18.62634573497056
10,321171.0,2555.959581375122,76.30138433933203,78.33802114162285,1.9522624511514468
10,417518.5,2630.1088552474976,80.79884033497194,78.06258661114013,5.9314600282880034
10,450078.5,2911.363688349724,78.25036488279522,75.33849402919063,14.81047545333923
10,996772.5,4444.387195944786,82.64407610729631,79.66228538034635,27.625832811314826
10,213834.5,1984.261095881462,81.22954041617764,83.66640585703907,24.84981557033477
10,795880.0,3824.012523651123,82.92572731029819,79.36897393830856,15.025003444000552
10,674617.0,3596.8510575294495,71.54068629988096,65.39058463403994,8.340641936604879
10,429501.0,2833.1454335451126,77.91299371810884,77.876349353007,7.909116867318844
10,181480.5,1962.5798573493958,93.44108486324055,96.06891162729487,21.422561470465663
10,646106.5,3495.2602227926254,80.64516790526997,76.75589287366246,19.5927426069259
10,833400.5,4017.7110092639923,70.08617086736004,71.79114538839737,2.75202905736799
10,264119.5,2171.0062618255615,93.53928879936326,93.54181613800023,9.6048939838024
10,837138.5,3822.549543619156,80.14260790502168,72.92672288628974,24.066116371287528
10,947692.0,4323.7770265340805,72.35895094041825,71.01416914375905,28.050533736682887
10,724094.0,3788.7576928138733,81.55114928706408,74.62096134684762,21.818116474832504
10,1305406.0,4993.271534204483,77.12862666882508,77.5630495936176,22.971846451293672
10,663472.0,3559.929266810417,75.44073594452323,76.00816497608345,5.020246436555056
10,239108.0,2136.5037356615067,83.13612563264115,81.87852873180181,13.026505321475433
10,564783.0,3520.6744343042374,79.73055181363594,77.25685535345272,19.580093732147517
10,346097.0,2593.7829543352127,79.13586781238482,76.29402702266863,15.549391817176557
10,624522.0,3447.184097647667,77.9356459761963,79.95918132634333,15.285649250763134
10,780364.0,3863.267355322838,75.79982503192848,75.8309054916986,7.823125159642401
10,305447.5,2433.256044149399,78.73195688101207,81.17385805416929,18.279246623791067
10,1018971.5,4387.7008999586105,79.58492381543425,78.93015550147905,12.281279916366321
10,870857.0,3945.6105015277863,75.13875125927282,79.06223440791281,12.769223372103673
10,500302.5,3129.672343969345,77.14049362300432,72.75634004785243,18.278051391435294
10,859191.5,4066.3283195495605,72.45850373451303,72.72343134205725,9.15986686658342
10,590583.5,3299.7312228679657,79.00588301767773,79.66922193380593,23.833472481543886
10,475315.5,2973.6967318058014,85.51402765247677,80.14721272265699,11.108832847281958
10,579483.5,3141.838866829872,78.65488518995093,74.16831008690745,18.795796720499286
10,705323.5,3677.7556051015854,79.62821123809695,73.93435451529075,15.124783819346408
10,462033.0,3045.3464431762695,78.13136581810654,83.21839030890578,2.5969475985734185
10,564320.0,3293.419597864151,79.0137950535031,78.71597140610227,10.39721483418897
10,318824.0,2446.209361433983,82.18594234021337,78.36934334861884,15.916989412680401
10,1049281.5,4575.274502873421,79.57360182713154,75.75430479374913,23.592666762344592
10,437188.0,2915.8317226171494,71.15287394068763,80.18911861561898,2.0204108626839257
10,990961.0,4429.659274458885,72.0005336721984,71.55740651422438,15.999539833594968
10,494152.5,3014.2753742933273,73.76876861725744,77.2331082444683,1.7381939343058033
10,844236.5,4370.671467423439,73.67974779777546,73.4085099953016,10.205264325969368
10,1094176.5,5015.642030000687,80.79404843157062,80.58332832819168,24.953614167280936
10,998783.0,4415.257252454758,73.09831184405101,75.02328690663171,6.272387512019387
10,661954.0,3536.650046467781,78.37242251548938,79.19867502804273,19.50220653000384
10,541243.5,3254.3241478204727,77.31793917393748,75.27082246934282,20.815739964436748
10,549770.0,3334.459144115448,77.80818430529729,75.85620341082128,24.902951470303332
10,841636.0,4067.610506772995,72.28913490300607,74.84999496520065,6.13369110025174
10,398530.5,2751.991102695465,83.45806233909066,83.91643212437823,32.28542005149099
10,568961.5,3371.4957206249237,82.03749005952027,83.84368135814104,22.251281314700698
10,770231.0,3909.5272430181503,79.84513072031257,77.45949670601438,25.57290021405711
10,1124992.0,4510.820742487907,77.37051922707248,77.82812966458815,13.295231168683909
10,915938.0,4387.742536067963,79.26195560535433,72.42466562596886,20.366890579871743
10,1016770.0,4336.36995100975,76.01370952400563,73.31700369287371,19.696239073859434
10,574086.5,3353.6622393131256,73.31059603109244,72.73176689704539,13.417154006261576
10,664573.5,3529.779990553856,80.80624055460935,73.3860181231559,31.45805496917504
10,753520.5,3802.372915863991,72.66521326612845,71.46482131113049,21.239181208391173
10,688457.5,3798.8683018684387,78.03400562274913,85.5358410466474,6.884421107157792
10,779910.5,3910.7160642147064,75.96556316444662,76.96454836161745,15.524987922057008
10,403590.5,2788.21650159359,81.288134714002,84.24558824982462,25.641499599830052
10,369749.5,2641.765708565712,73.39176183235742,76.41152017081298,16.89171330594287
10,556352.0,3099.003296971321,77.65318829452328,74.71163872020789,25.242059465196235
10,763022.0,3826.4978079795837,81.61693942266828,82.45292490764653,17.43076269247115
11,132105.0,2275.425528526306,70.8083858418511,61.844750024408015,1.6327758293091406
11,173944.0,2615.401143312454,64.66759907292177,59.40516286663546,2.4432392935024603
11,210810.0,2902.3372155427933,77.0950585396203,75.35901001112347,11.824682792556702
11,210483.0,2912.0773309469223,65.65473751630662,68.20507966110475,0.9716865171873014
11,217801.0,2871.0235073566437,62.208035009423156,62.27831852551554,1.8354575364719519
11,209781.0,2886.9890174865723,61.941490772670434,64.20193546553489,3.4080061768160976
11,185540.0,2815.817444205284,65.0901544143228,63.17647657023577,1.7987100917922232
11,217359.0,2885.640820503235,68.93832371475347,66.27155491736558,3.661971702168525
11,254446.0,3163.4742974042892,72.2747180241978,67.6211822487009,2.809798585924049
11,157546.5,2456.187940955162,62.67746691871456,65.11035286704474,2.266219281663516
11,139755.5,2309.6437842845917,63.360003408316295,63.30782066575778,2.191163940013633
11,192057.5,2783.6092936992645,78.46240057097344,80.24129834397013,2.3338953422220383
11,196863.5,2878.212325334549,65.97513318803729,66.3794850062558,1.1663791015861484
11,273930.0,3280.753515958786,64.60001161785955,63.076510866329265,3.470955351113499
11,163369.5,2743.2661479711533,62.50295484223633,63.49371678459716,1.9420571532691548
11,181297.0,2792.253955245018,61.610384276271475,67.45453798678007,2.286742276961496
11,144086.0,2456.548331618309,74.20219072076227,73.63409042403046,4.858119505125681
11,286578.5,3237.800199866295,70.46365889556922,64.9064101139977,7.36691359224649
11,274370.5,3357.897740840912,77.39545454545454,71.41286428882123,12.011262142960707
11,271093.0,3334.2194653749466,62.92405365061085,56.41952591755822,2.0545125122408336
11,211324.5,3001.893564581871,59.51147955586059,59.299004353017494,2.4908943899664355
11,268008.5,3344.4520004987717,64.91544237675481,57.66634389932627,3.734744605704449
11,257275.0,3215.332163453102,64.10096958314494,57.883136054658365,2.3252992027700166
11,136101.0,2441.945299744606,59.43043978782933,63.50898373746794,4.417179121007228
11,168181.0,2799.9940699338913,63.19657428768667,62.76528029359877,3.865001209560841
11,186996.0,2918.528121829033,61.56877216829854,61.01804791538347,2.346738737973366
11,170891.5,2796.95749270916,61.246031008652224,64.20927936821323,3.56759770048197
11,164417.0,2604.2295709848404,63.09833917930947,61.03677229671398,2.484777319624972
11,341355.0,3711.322057723999,73.48569679657213,67.05739936456116,13.095295420759612
11,175245.0,2729.876319169998,62.131341287917415,63.19719889859605,2.7286263045177956
11,159250.5,2516.129065513611,64.62206334266249,65.09124285509478,1.1420503774255277
11,116406.0,2206.4061958789825,67.63882976005995,60.7464026020469,3.7472966299405686
11,176484.0,2561.3422684669495,66.70303125809029,64.09899708467937,2.0235139181233888
11,351907.5,3641.8001989126205,67.8753701142794,62.425712726275215,8.154199436097135
11,153759.5,2634.957492828369,70.91721775260166,70.52435853597166,9.534003883946141
11,166719.5,2632.070190191269,61.948824359485805,63.094033378783095,1.4198367380962305
11,190534.5,2712.5554715394974,66.984519882195,66.05150846593334,1.260451030793727
11,195462.0,2948.881372332573,71.39370970773662,61.779575600859566,3.2637279456216377
11,179365.0,2829.9940695762634,64.05112850200905,60.83524645509791,3.7686985975360026
11,171128.5,2548.6976068019867,65.67537939239185,63.33159620462525,1.2842410701331863
11,192802.5,2773.9524400234222,78.40916046266004,74.53072979726423,11.175259537855174
11,221524.0,3055.9351950883865,71.03414233748525,65.46158538499836,5.9318184876361855
11,268308.5,3196.971772789955,71.93110927685468,65.46288036658807,7.934892122279924
11,270400.0,3190.9057565927505,65.14640479605723,57.839247489793664,3.459538784067086
11,315887.0,3498.469247341156,64.16766191718004,61.120970180278924,8.18048994041095
11,274385.0,3401.762745976448,66.4288903870271,60.181095912257426,2.973084255775685
11,159132.0,2550.7981122732162,74.29717254757642,77.1314550183694,1.5603133712988317
11,267347.5,3232.0012081861496,68.72959140024922,60.509758410980304,6.076345105916048
11,175088.0,2592.940247654915,64.4543495031084,58.70774719789445,2.301073195081
11,159887.0,2468.5138412714005,70.11689093946187,64.77107408764337,4.081067319096617
11,150686.0,2456.5138422250748,68.40016597291743,73.35880446809632,1.4081089625375416
11,309238.5,3434.11895942688,64.7303528745653,56.93364902990861,5.729004944554717
11,313926.0,3471.8174446821213,67.89491014073884,58.069079604118535,12.797464102247195
11,259293.0,3111.7341850996017,74.5159793359745,72.71990810875076,13.10719750865795
11,217541.0,2968.1118202209473,64.72943358134988,59.55555707806355,2.8798467138948647
11,270158.5,3242.569752573967,73.72499475433733,68.95892554103949,14.911744026386604
11,192621.5,2802.01131439209,77.85540882675976,73.48554913294798,13.273898717598346
11,143931.0,2474.3758832216263,74.7919982347019,69.7173109545022,7.974148036795432
11,311022.5,3432.5108758211136,65.44372007024795,61.351949892356856,7.587235730485881
11,299529.0,3395.8763194084167,59.74630627758461,52.95854130758936,5.864043783354753
11,102627.5,2135.6782746315002,75.97220989250631,80.92825713568907,4.165148503386919
11,144933.5,2384.5310868024826,60.66619423219127,61.08173801111933,3.770513241859064
11,257068.5,3155.5504188537598,67.19838249286394,59.48633512024939,3.191312184292157
11,271017.0,3398.964632153511,67.458725826804,63.25549857675265,8.275354344572586
11,173243.0,2680.798112511635,60.20883453583729,59.152357920193474,2.4732058430803967
11,198938.0,2943.13115298748,62.78033400733918,61.17035372825083,1.7879877181157793
11,274045.5,3221.432668685913,66.32508183751533,65.88545288264028,3.9914025244423796
11,274753.0,3266.9890171289444,64.92996807517174,60.47705176744826,2.068544271266931
11,264341.5,3205.976825118065,68.22271834726412,66.75118305133202,3.6161684935938427
11,190689.0,2758.8569865226746,67.91711417960592,67.8852891081167,1.574434727351331
11,214497.0,2832.621487259865,62.874576019869146,61.280109539784625,1.5473328637888533
11,191111.5,2753.8103038072586,58.952852450154886,61.84435227343604,2.0142518555479323
11,192115.5,2715.7413254976273,59.819505862516614,63.83563748079877,1.6986144082918277
11,203099.5,2812.923001766205,60.37400995063818,59.33104706739918,1.963930159630936
11,210795.5,2840.8397427797318,72.61738306478225,67.83141151956856,3.2367507990533926
12,439945.5,2740.9759529829025,48.72109039387929,28.35003003683763,2.2104165485973364
12,479063.0,2918.1058933734894,55.37528037296076,43.12553252740562,5.003373795405922
12,430344.5,2708.726169705391,61.15260388356251,46.62418957521366,6.19455514820683
12,1068994.5,5342.2248512506485,61.12046368719238,48.20103644663861,11.125727705988194
12,409838.5,2667.6134712696075,55.09071778885002,47.20307445933311,5.70549735983185
12,461836.5,2891.4124611616135,59.597362567250656,50.793335718719824,10.331039195061388
12,538373.0,3073.9881398677826,57.17070808456422,42.11723136639061,6.692445443636202
12,580828.0,3274.2480264902115,53.65179658327748,48.198072109532085,8.690380038571487
12,520034.0,2984.306905269623,58.01636804114651,52.34715073424048,15.975238728462852
12,943245.5,5253.636099457741,53.80923655615846,44.817050530437285,7.021679245422257
12,794236.0,3819.1151206493378,61.444810955969395,59.559234713924965,15.730929790796445
12,619800.0,3715.7425372600555,60.63947803476558,52.71780813122964,9.789494887886619
12,574737.5,3233.603365778923,66.68012536841249,53.20211935612832,13.893727598876461
12,703531.0,3726.546579003334,49.339678285320474,44.496329871464134,5.621303868529161
12,813359.5,3906.446073293686,55.88663673577182,49.76994903922806,4.7439844770163
12,341607.0,2383.8906029462814,51.7829843753633,46.715585691366925,7.925355739496385
12,341607.0,2383.8906029462814,51.7829843753633,46.715585691366925,7.925355739496385
12,616337.5,3440.8237109184265,56.17995789269898,47.7201106728295,5.9007090482298
12,670394.5,3995.5932565927505,53.54232413398242,47.38911237091688,8.203243060438044
12,715786.0,3986.522192955017,55.321508439915426,48.8903081349,7.261184707635784
12,682448.5,3568.25516974926,52.32750614625915,41.78372005062481,5.909761277840008
12,542236.0,3076.0713990926743,51.8009700017963,50.322609913374365,5.687918601965665
12,669146.5,3524.3039383888245,58.237721625805605,49.00695445212704,6.024096188645271
12,562023.5,3233.9708976745605,55.10313956773555,48.25302479163724,7.549050007063144
12,337064.5,2523.3880758285522,55.34147552026093,47.63904940853925,7.571468666170336
12,179146.0,1683.0722786188126,57.36301118955642,52.06924093068692,5.8202955019759335
12,496691.0,3012.1058921813965,53.98005092612101,43.92096017208133,3.4605743936721587
12,523079.5,3028.5495414733887,57.091923525040244,45.937728673168195,6.2494749426475815
12,272065.5,2083.0205426216125,56.28244224470806,52.92291234677354,5.248195719550707
12,704151.5,3897.2745010852814,59.92755509761603,50.20407848857342,5.446222493593793
12,547561.5,3085.1525758504868,56.64246599508591,48.793764447200765,7.578671885088034
12,547561.5,3085.1525758504868,56.64246599508591,48.793764447200765,7.578671885088034
12,540527.0,3140.733310818672,55.791166663596336,47.3547943186633,5.54603467015456
12,783517.0,3918.3699514865875,58.95310420823703,50.68920133092557,6.87592644778594
12,344618.5,2467.647960424423,51.185167309237414,45.360227857320396,4.7390478777824665
12,205407.5,1781.7413227558136,52.346521351104904,48.401577323787905,4.986569466270881
12,627889.5,3665.3678661584854,55.990571937235586,46.600942487221864,7.9724081601398735
12,573061.0,3217.3018505573273,55.0878062326978,45.96539299320495,7.830002343119473
12,740428.0,3901.551630973816,54.67862818062959,48.143410774749405,6.50010392570988
12,516179.5,3111.118085026741,54.42450727075494,51.013439384042684,8.900542777703917
12,341818.5,2325.7556096315384,47.507557760387556,41.29158514999068,3.6776888857834917
12,582593.0,3106.615560889244,47.52308569224652,40.759762035192985,4.095204695128923
12,622390.0,3157.5171452760696,54.20399732468805,54.41622011623879,6.789405381591108
12,800097.0,3878.5120906829834,59.015770772696875,56.92112994603588,15.275273027532533
12,961828.0,4146.98726606369,66.72178022558221,70.15846243833758,3.8095326338456124
12,730698.5,3618.990228652954,65.62896024481513,68.59031240113025,10.46118987355582
12,792888.0,3834.4532108306885,59.938372002422945,47.92271585947927,10.553179109391927
12,551129.5,2879.308989405632,59.9601410051571,56.21531746875208,11.117988244766796
12,627092.0,3422.331286907196,53.70208887887738,47.3872468614468,4.089073995932651
12,628842.0,3967.7526383399963,64.1741858314634,61.88748709985893,8.676159908097343
12,646829.0,3374.581070780754,58.970490601263435,50.82070695012038,9.685296749914894
12,456045.0,2748.3069030046463,62.35487504384522,58.36862446922773,8.133797094123977
12,234835.0,2001.0377893447876,56.942294025077416,40.88276900688698,0.9702903700695467
12,753981.5,3591.156749844551,70.90465525578811,64.24766175713202,17.82131984751131
12,468115.0,2908.424652695656,61.35499600387709,55.47155313142993,7.645214430254901
12,691428.5,3454.789217233658,64.4910517371764,55.67316412528718,12.125223922226024
12,819639.5,3806.4359674453735,60.338525651841934,54.81885234060994,5.598742869767571
12,619582.0,3179.8359005451202,57.897446276717076,53.506104005834146,7.441661767398826
12,452427.5,2683.0592094659805,55.888424681932726,52.95613684039245,4.9871827573013645
12,604343.0,3168.723204612732,60.1711829266286,54.324563539729816,5.259732117881296
12,483289.5,2810.7505546808243,65.97980276784519,68.345249013324,4.251410199602238
12,660437.5,3596.3628113269806,62.06218645390477,46.513951953815884,9.64159402691864
12,495125.5,2931.201343894005,58.473335411659406,57.32712919478273,3.6298937036776313
12,779987.5,4197.313164830208,78.44890243264652,78.73253133765583,8.732862986806742
12,413707.5,2471.5545954704285,65.13520427211874,59.255108308423075,10.845366933473361
12,724297.5,3685.333377599716,54.18393129786728,43.164846914024764,8.424653995049907
12,541798.0,3228.390159010887,67.05018294430117,60.87519194457302,14.390363831397357
12,360536.0,2506.80228805542,60.59169341063559,53.764378965029096,7.995184705853135
12,505747.0,2875.3851112127304,61.436411521339636,58.111610766615236,12.094395581717588
12,540009.0,3065.5861209630966,70.52398478465798,62.025588434572555,18.386378365639544
12,540009.0,3065.5861209630966,70.52398478465798,62.025588434572555,18.386378365639544
12,556678.5,3057.936408996582,62.05770767237142,57.326177219714914,4.205499798918629
12,297657.0,2128.9789139032364,58.88707639863645,56.552523227057016,5.684008421896932
12,806619.0,3814.5120869874954,53.94103704216336,44.65816264740121,4.915314896698658
12,417735.0,2624.5667885541916,60.11321847711815,55.479039575093985,7.245937241496039
13,1756306.5,6629.292953014374,83.25539626004817,78.95121282983776,25.39006431061904
13,910551.5,4587.436844706535,86.94961897300762,78.16386406841502,37.84518744555779
13,732781.0,4149.821617245674,78.79775491953563,73.47442331486253,27.691190502441223
13,1119146.0,5133.600398182869,78.48297099607747,72.18661594747603,25.763457572166505
13,1385722.5,5831.156746506691,80.40556989668625,70.2571845703519,27.819674846873216
13,1064982.5,5235.250113606453,77.72170163091545,68.67881608730194,30.802322705400908
13,611024.0,3705.488579273224,80.11194799599166,78.62576829296157,31.56798841889144
13,930520.0,4617.502860784531,76.96528430797538,66.65730035287193,25.247239803867117
13,1346130.5,5884.176078677177,73.77991399762752,68.32296930604983,21.954010231316726
13,1572201.0,6435.222763538361,79.89495777246331,72.14865248353021,32.419500405356416
13,1387822.5,5890.47045314312,77.53715156919714,69.12793990737278,28.065221643701637
13,1247058.5,5367.337549686432,81.70646633174356,78.6234075878733,18.989455284403185
13,956619.0,4885.232870697975,82.69109820416362,75.46068589915407,25.445278563748072
13,1163934.0,5392.179046154022,82.52583044499058,75.48354030502958,20.168195015872307
13,2296811.0,7655.099083900452,80.08464491963545,77.52441237281917,30.827633562697912
13,925986.0,4858.071399927139,68.30049309909062,61.99351548300979,18.901624738340743
13,934859.0,4615.06634747982,67.23077588083864,61.93490140327958,28.17582939501445
13,1207786.5,5331.725290179253,76.26917165620833,78.9360509602561,11.108283107392344
13,1148399.5,5638.269445300102,72.92351394652154,74.54394474911552,2.5609904011232283
13,1265219.0,5788.35984814167,74.58028607823573,76.45553482905899,4.397998950967595
13,392743.5,3231.138293147087,70.92293467673201,68.3283792970494,8.596064673890986
13,1720479.0,6516.1142390966415,73.69959440875938,73.66809929152087,8.995097510168794
13,676731.5,3907.7799894809723,74.21101360931222,70.61860469914784,17.384335584357398
13,1034972.0,5074.012522935867,70.11774414344934,67.0290195700376,33.931811433529354
13,1093363.5,5114.068434715271,76.84536451312306,74.87373718474683,41.2484541379817
13,949440.5,4813.284604668617,77.68291791013408,72.50904018326258,36.550152368542726
13,734013.0,4187.6550978422165,79.35082167247785,72.63316339148135,24.574907125328494
13,654281.5,3831.446948170662,78.5832502598903,71.98936202644327,22.225628995527753
13,1047190.5,5035.3922481536865,74.25917833750364,67.24869602337154,23.09344514722501
13,821985.0,4524.213534712791,70.54748246749858,62.38070678522064,23.408784271656387
13,803589.5,4384.171905994415,71.84269699185306,62.72697401496315,25.174165413944504
13,1346707.5,6006.636976599693,81.95279332527572,75.0650383971532,25.88450767683699
13,1504105.0,6460.075576305389,86.91403864873419,77.77359244250896,26.391055172949205
13,1671916.5,6561.930476427078,78.01562682849357,77.29110931197295,4.153699139518388
13,795604.0,4570.306899189949,79.95105082706013,75.36762462313763,7.923910468155521
13,1207754.0,5500.428827285767,71.09223142134748,61.946759374018804,20.789557615718937
13,1252516.0,5629.565910577774,72.16439162755863,69.7948552670369,3.35240663867354
13,771449.5,4299.142469167709,72.23133745542376,68.30101862698702,42.25252200042927
13,1041202.5,5161.93640255928,80.21481063397349,74.82448845826933,20.7215294553936
13,1126317.5,5230.446071743965,68.43493515088637,65.09383740720494,31.157789025752706
13,936256.0,4762.012525320053,81.63664127668825,72.1147727902407,34.68243701168337
13,1216369.0,5521.801406621933,76.03454047087142,64.88143383031597,27.92342863049876
13,737331.0,4283.419599533081,80.73217329199603,77.65727785262497,41.090066875517394
13,1148997.5,5330.480559825897,73.21772226873387,68.81820913565923,25.951646801755015
13,798979.0,4104.5079119205475,77.80370106761566,75.05323593681713,41.90446026097272
13,1415780.0,6074.085678458214,71.20789850638529,67.42587686772332,34.602249304229886
13,1553478.5,6426.578102231026,74.99507204009188,65.04619239603579,28.64897055752767
13,1077857.5,5176.6815712451935,78.06929172491044,73.88237504975793,25.67581440989419
13,968414.0,4757.904878258705,74.24494051635942,71.19669525027226,28.814633789510232
13,952427.5,4846.480557560921,68.67119300023874,70.84532106671804,10.416089356693794
13,569038.0,3533.782952308655,74.84382178998554,69.14365619660929,18.996285100976912
13,1122996.0,5302.889721155167,70.96884524272845,68.02927011748565,22.62876950171226
13,1220111.5,5616.945631504059,70.07454921391543,63.510981137569296,21.410387505091432
13,648329.5,3896.584030151367,70.68950792942732,70.24185753180231,17.91881066281091
13,554434.0,3512.7779027223587,80.87057185916274,75.71981994295436,42.69970649910259
13,1418116.0,5989.933441281319,80.20583331397857,74.19021507714808,32.446348952977786
13,1159879.0,5264.061297059059,71.74818675050203,67.60000447397266,21.60782446196177
13,703543.5,3940.927177429199,78.18733332671721,77.25413448983267,30.929936612759395
13,1125593.5,5076.161800742149,77.92566716907527,74.00161627803884,43.146892455004874
13,1028420.5,4917.367862701416,76.90317901549,76.64609839278523,29.696356236022375
13,1218967.5,5366.504946470261,81.87497666650292,80.00494997625714,42.31338442141114
13,1291002.5,5702.1029233932495,72.22736946097648,69.32280497241456,33.95189766368253
13,1090460.5,5312.848091006279,70.99321521804175,69.50671203884757,15.36943984144747
13,1315077.5,5776.980121612549,70.97783874235887,66.40143279413829,21.82218630118274
13,1307412.5,5803.097870826721,73.449147865408,71.6481115793668,21.116946284262664
13,1162816.5,4996.04404759407,69.32502426886556,73.89175184730914,9.46870110284935
13,1290436.0,5740.099959969521,70.37986264713616,68.31678937680779,20.871804767134307
13,1407508.0,5940.855232596397,72.46172675624084,65.76644131303591,27.913656515116706
13,1484010.5,6277.465400934219,68.8533062700797,65.02246303854967,28.688042198230264
13,1283321.0,5462.737479567528,74.10218215698963,74.17982301958637,18.745199845698217
13,885023.0,4448.5566828250885,81.71688939193409,80.67912116900891,48.44012346653259
13,1269299.5,5695.832936286926,72.31643150186261,71.06653961005571,20.679272475103666
13,1195000.5,5497.01461315155,70.14683947039887,62.859952985582524,26.241757654456556
13,1003619.0,5073.041961312294,71.98656194300109,65.84912455800443,25.706231628044762
13,883205.5,4849.970893383026,64.99445915803146,61.92256148177429,15.677278143264534
14,986398.0,9568.102387070656,60.59969013192801,48.626696360499174,6.115896455020086
14,523412.0,6557.760993003845,77.06815495801821,71.53226522482636,12.771626775176298
14,440981.0,7799.162137508392,63.597124704992474,60.95387690849302,6.84029133604949
14,483355.5,5355.396427154541,72.56899972723376,70.37339671901181,17.62747976983725
14,1486643.5,18012.954653978348,91.05725382435467,93.29603375071747,24.678953699759408
14,315265.0,4869.482653260231,79.22425362015325,84.28763365236944,8.920187837452046
14,535920.0,7175.663453817368,61.515580201364656,58.40693737544359,6.6021986136115
14,1806215.0,19323.9424636364,67.88400493788876,60.546739979604375,7.82880514621836
14,486781.0,7196.353915929794,64.32725049074189,60.59079709867245,7.46851560901918
14,1234448.0,15373.282308459282,86.855787527001,90.05707589013497,19.32032579950517
14,1177329.0,8748.382479906082,63.86839544903997,65.21526663789311,7.293616763350705
14,1732111.5,20774.72750222683,67.04061231578586,67.65639562979476,9.574234945008232
14,1049012.0,15736.346239328384,72.98454535118495,77.58456895264996,9.995202651985622
14,786445.5,7728.111275792122,69.50002392237191,67.93775025043733,9.554908571684882
14,1683740.0,22959.999583125114,75.92086048243438,77.91012505456693,9.22648127943703
14,1210016.5,15761.338219165802,71.32159854902905,70.23894652545776,10.052168028119064
14,996375.0,14543.493426918983,70.3213521183991,70.32772509292376,8.357214153516379
14,839425.0,10276.68103313446,71.07470534673428,69.37991517923469,7.3605967167272635
14,763011.5,7264.71431016922,68.39777135536156,67.51423070047373,8.42771802282275
14,1159781.5,17907.391167998314,66.74426182013833,62.52667246097893,9.62968602070432
14,786952.5,9677.693218946457,68.97557232697876,70.03090461908863,15.978950249582299
14,2415530.0,23585.439389705658,63.837453041289606,64.99592187228593,7.890118320623687
14,536180.0,7930.550752282143,66.97067614749712,61.3315838850869,7.753764671296204
14,968024.5,12880.172578692436,81.6078098075958,81.56805799698436,11.088463224655776
14,607450.5,9022.217161655426,65.36816760002533,65.96228972188568,6.401903357026546
14,1179584.0,16302.555599451065,66.83508323866306,68.41537929326147,8.201036959845567
14,727614.0,7938.063719034195,64.25567243794518,62.64596509443853,7.633549708909798
14,650987.0,8698.887971162796,62.21806163770855,59.63578298980659,7.402025497029917
14,1593438.0,18376.08877825737,69.30944191590196,71.99973527515311,9.303018556581469
14,339710.0,5495.226939916611,64.01863371993974,62.90850613259708,7.522632117483194
14,674488.0,8641.937617778778,68.49014968332895,74.27472694203892,6.92782793683352
14,462606.0,7386.447286963463,63.02936803195968,62.95877675569663,6.167658653144826
14,484915.0,6509.074701309204,65.28508062603056,66.4238849153204,6.431292871465302
14,688666.0,10723.342939972878,72.97018567152182,75.84810205524066,6.880162354310739
14,714870.5,10209.305478811264,74.87157795069737,73.48102464351257,8.400495880788949
14,413335.5,6356.523401021957,64.85669177342386,65.89198596868323,8.187670361212248
14,564889.5,8018.022088289261,79.63095091372452,77.90333371107066,12.76311320622059
14,830853.5,8057.453544616699,62.74139741063044,63.58931549690761,8.466230678002638
14,303035.0,4480.938498735428,59.50989083758511,54.66448625569238,5.437530432097919
14,187123.0,3458.3413944244385,69.38524659209938,73.29786992477348,6.775175614008101
14,204049.0,3073.287570476532,63.996278782894734,60.292180958433015,6.458890924043062
14,549187.5,9201.561193823814,69.4487188018385,70.09390521842872,6.272706747976367
14,584199.0,10201.533842682838,66.78233695947635,65.22914560024356,7.710712480020876
14,878461.0,9900.445524930954,67.96540651822852,63.21013429407062,9.158413222089054
14,594365.0,8439.119294285774,64.70822125880068,64.90501027545382,10.016180960594978
14,466286.0,5985.927513837814,62.01937782737799,62.46220211642321,5.305426572869129
14,331639.5,4791.593261241913,70.29309930146759,68.35797002471959,9.165956751861392
14,935039.5,11135.829429864883,48.275784493311434,57.48815207401739,7.036267411647981
14,544274.5,6026.38126718998,58.8938531941055,55.49208063382003,5.580834238915858
14,951407.5,8783.443442225456,61.230983664624844,60.9771731957379,7.957937009131603
14,398110.5,7046.253414511681,68.00510971079233,66.10155542068435,9.368946488870849
14,1096783.0,13364.458059668541,64.11384824989264,63.456753331589496,8.550121765452182
14,515529.0,5336.962875962257,61.25939831542978,53.1676248903533,6.472587371907085
14,653209.0,6048.595348358154,63.45632754733639,55.11545282351696,7.724518528027963
14,846632.0,10399.592720031738,61.75070564185704,59.62472652313283,7.538960015275683
14,888304.5,9142.379514098167,59.54620672217199,61.32223934780343,6.803279255236403
14,217700.5,3239.755608320236,65.61087930718328,59.817852512650916,6.644000907198718
14,222706.5,3352.123132586479,62.28315015910712,58.82279822250106,5.467555870767337
14,625743.0,9531.387529611588,79.47653550798337,80.88223467341227,8.749074935490144
14,827638.5,8077.179379105568,72.74268420458411,73.67991215220623,8.369437510921646
14,1326688.5,14543.224642276764,56.23915040801769,52.55533832495166,7.267050832858547
14,1374829.0,13839.280549049377,59.587241547420064,56.36551505361001,6.676104050307799
14,811840.0,7601.521314382553,71.39860044115433,75.67318982246456,11.326939886418256
14,909599.0,8321.269776463509,67.16970816978471,63.81870669803354,7.8386829492084305
14,605070.0,10144.500229716301,81.41633894062649,83.23933964000442,9.193943387197702
14,1679947.0,19757.544613599777,69.12763034392755,68.39841713709015,7.91393167710181
14,702102.5,8755.345894813538,72.05635706960771,67.0321743774664,11.334248085998286
14,591609.0,7335.716395616531,62.779899021893854,59.19581433156387,6.764983571022412
14,1268686.0,19358.775060892105,71.44156692381182,71.35144548964995,7.379402272936016
14,758395.0,10024.824915647507,87.92237591077746,88.2725277743372,9.759300296726318
14,820581.5,11451.89598441124,87.02821289806845,83.67352778965503,10.140783154554976
14,1078493.0,10550.22188603878,85.98437187562942,85.72847142793779,9.666235238428332
14,1373139.0,17526.43960106373,87.9341328689742,84.48689771151835,11.686860906111297
14,1471501.5,13835.12050652504,92.4234118511535,92.90801145186336,20.93146974822538
14,570843.0,8781.330407977104,87.54202982908373,88.29329790531193,9.051667964350239
